sample,modality,degradation,method,PSNR_dB,SSIM_global,MAE_8bit,RMS_contrast
00,optical,moderate,degraded_input,19.65383261409791,0.8869875472536601,20.5164453125,41.32691959268014
00,optical,moderate,nlm_only_conservative,19.412080987560003,0.8832553505309662,21.146788194444444,40.979078196675886
00,optical,moderate,bilateral_only_conservative,19.638247134009163,0.8860824153511245,20.592669270833333,41.00342192125872
00,optical,moderate,gaussian_clahe,19.27545683195643,0.8856369009077809,21.849240451388887,49.029505609669435
00,optical,moderate,median_clahe,19.35905327559221,0.8872946747527339,21.618493923611112,48.75286479449039
00,optical,moderate,bilateral_clahe,19.70086978995927,0.8971970329176018,20.723676215277777,49.22943806436047
00,optical,moderate,nlm_clahe,19.69104393234148,0.8991629719397767,20.318211805555556,47.88958411571728
00,optical,moderate,nlm_clahe_unsharp,19.736656592720987,0.9010123887410426,20.19478298611111,48.307288179776876
00,optical,moderate,auto_mask_telea_inpaint,18.13001556010368,0.8372334064339065,24.709830729166665,42.29593529367056
00,optical,severe,degraded_input,16.069014452581563,0.7002022920372328,31.972808159722224,28.616046103474613
00,optical,severe,nlm_only_conservative,16.028593716016985,0.6977203414030575,32.24881510416667,27.82826582708131
00,optical,severe,bilateral_only_conservative,16.091797296910407,0.6997395880719971,31.935277777777777,27.988595439751474
00,optical,severe,gaussian_clahe,16.726814504622368,0.7635992918362966,29.755611979166666,38.346386680942636
00,optical,severe,median_clahe,16.762186607578734,0.7647341664922144,29.518450520833333,38.29051207677241
00,optical,severe,bilateral_clahe,17.04705314693414,0.7823491562033981,28.832799479166667,38.49676959174063
00,optical,severe,nlm_clahe,17.05173232151888,0.7790797249740712,28.856957465277777,36.05752059853768
00,optical,severe,nlm_clahe_unsharp,17.068871240183757,0.7806351940900601,28.787764756944444,36.24913162513537
00,optical,severe,auto_mask_telea_inpaint,15.533480363132279,0.6586502217974384,34.58554253472222,30.600775766613303
00,optical,motion,degraded_input,18.88328059758703,0.8631554749190832,22.120772569444444,40.479159658468895
00,optical,motion,nlm_only_conservative,18.755993598860275,0.8614915922349463,22.536414930555555,40.12969619469732
00,optical,motion,bilateral_only_conservative,18.88577172512607,0.862663227396675,22.14376736111111,40.144547200055214
00,optical,motion,gaussian_clahe,18.40764325176639,0.8568550484268027,24.110360243055556,47.45612217969765
00,optical,motion,median_clahe,18.427085550592473,0.8571485016266525,23.95661892361111,47.34431408864588
00,optical,motion,bilateral_clahe,18.813111223324487,0.8709285156758776,22.840360243055557,47.77340744746006
00,optical,motion,nlm_clahe,18.693280321011663,0.8675414272259773,23.008337673611113,46.526210278033915
00,optical,motion,nlm_clahe_unsharp,18.704475500299623,0.8687247177726248,22.94480902777778,46.9185202483752
00,optical,motion,auto_mask_telea_inpaint,18.108271589930425,0.8381103882683244,24.805334201388888,42.05776468104867
00,thermal,moderate,degraded_input,19.951378363139582,0.8967646197778278,22.068463541666667,42.83514213600868
00,thermal,moderate,nlm_only_conservative,20.052752863396744,0.8984688029750567,22.067239583333333,42.25672936000167
00,thermal,moderate,bilateral_only_conservative,19.96080597458899,0.8957123912761116,22.4044921875,41.94132512403603
00,thermal,moderate,gaussian_clahe,17.218606525862477,0.8472819494343111,29.1828515625,47.35475999376634
00,thermal,moderate,median_clahe,17.17594097750955,0.8447765758420344,29.447630208333333,46.8945047310869
00,thermal,moderate,bilateral_clahe,17.71058846290733,0.8641357092553146,27.224114583333332,48.03028648503349
00,thermal,moderate,nlm_clahe,18.32910235025623,0.8788635298738149,25.652330729166668,47.97384328534548
00,thermal,moderate,nlm_clahe_unsharp,18.321704794145045,0.8792922412922723,25.590755208333334,48.39499672281887
00,thermal,moderate,auto_mask_telea_inpaint,19.500844601363884,0.885144929192251,22.899635416666666,43.663797778565744
00,thermal,severe,degraded_input,16.323691822917528,0.713399813210323,34.138736979166666,30.616353523899875
00,thermal,severe,nlm_only_conservative,16.51283299254449,0.7213365947462012,34.03315104166666,29.157158912558444
00,thermal,severe,bilateral_only_conservative,16.54019048801805,0.7219429338712812,34.07776041666666,28.77261116664181
00,thermal,severe,gaussian_clahe,15.120221935251017,0.7087144709622435,38.74028645833334,37.4557036201505
00,thermal,severe,median_clahe,15.1788446240106,0.7122351157423595,38.44665364583334,37.602787392105164
00,thermal,severe,bilateral_clahe,16.20654749030956,0.773278546043415,34.5237890625,37.92479242882797
00,thermal,severe,nlm_clahe,16.6430380524926,0.7854553559335563,33.0003125,37.45516470640055
00,thermal,severe,nlm_clahe_unsharp,16.619091950565814,0.7849711001191508,32.994440104166664,37.78544498477667
00,thermal,severe,auto_mask_telea_inpaint,15.844400103085254,0.6978331051663506,36.018255208333336,33.76376233578835
00,thermal,motion,degraded_input,19.082573580704274,0.8663515952393552,23.6491796875,41.030535415698075
00,thermal,motion,nlm_only_conservative,19.20081166763895,0.8689441790623547,23.60125,40.432552715803276
00,thermal,motion,bilateral_only_conservative,19.16433656693633,0.8675337767255064,23.770885416666665,40.27207630337028
00,thermal,motion,gaussian_clahe,16.851865551115857,0.8260974581901019,30.862265625,46.04817072167
00,thermal,motion,median_clahe,16.855232645415242,0.8236633137342577,30.84171875,45.64882341027873
00,thermal,motion,bilateral_clahe,17.48340889051466,0.8472818943825392,28.630598958333334,46.58768447340608
00,thermal,motion,nlm_clahe,17.929406839445747,0.8564250469256675,27.206419270833333,46.251879620036334
00,thermal,motion,nlm_clahe_unsharp,17.905219845849757,0.8560416363052201,27.197630208333333,46.52358281215645
00,thermal,motion,auto_mask_telea_inpaint,19.020230735831746,0.8681618588581609,23.80743489583333,42.496051661195644
07,optical,moderate,degraded_input,20.7746401179242,0.8596678276912858,17.569322916666668,29.953571546626026
07,optical,moderate,nlm_only_conservative,20.71065577230261,0.8563832656032379,17.663949652777777,29.56841641487898
07,optical,moderate,bilateral_only_conservative,20.770990349566123,0.8585367830392314,17.51919704861111,29.544737137633163
07,optical,moderate,gaussian_clahe,16.705051139597682,0.7907997875816313,28.882369791666665,41.87608051906337
07,optical,moderate,median_clahe,16.79676467016436,0.7931426927850421,28.51859375,41.54562739589229
07,optical,moderate,bilateral_clahe,16.925741949295382,0.8003371782316414,27.96632378472222,41.65900025291633
07,optical,moderate,nlm_clahe,17.261065482149135,0.8108544330795054,26.708020833333332,41.26459787140969
07,optical,moderate,nlm_clahe_unsharp,17.234260964562278,0.810635394873507,26.708372395833333,41.73382636835067
07,optical,moderate,auto_mask_telea_inpaint,18.350876371150918,0.7349795799464631,25.816766493055557,31.6770375007777
07,optical,severe,degraded_input,17.704576501230903,0.6710819174555955,26.452456597222223,21.147600449718112
07,optical,severe,nlm_only_conservative,17.787849490319726,0.6711557264376338,26.116141493055554,20.04379050904492
07,optical,severe,bilateral_only_conservative,17.769678699343494,0.6729948177199518,26.17279513888889,20.319957396090476
07,optical,severe,gaussian_clahe,16.04414759247732,0.6934595618275625,31.786276041666667,32.93527765659208
07,optical,severe,median_clahe,16.084796041449472,0.6933948523306656,31.766584201388888,32.58136899478818
07,optical,severe,bilateral_clahe,16.33243812409138,0.709607875775506,30.627534722222222,32.08262240617741
07,optical,severe,nlm_clahe,16.849623281448554,0.7311768530036443,28.88659722222222,30.7786976389292
07,optical,severe,nlm_clahe_unsharp,16.84301778074321,0.7317940929801781,28.87769965277778,31.044733007149247
07,optical,severe,auto_mask_telea_inpaint,16.474765841819895,0.5158306752033097,33.24891059027778,20.68472363551365
07,optical,motion,degraded_input,20.3017808229735,0.8402508230743786,18.530759548611112,29.535161465117966
07,optical,motion,nlm_only_conservative,20.30911666639245,0.8402072335114609,18.47255642361111,29.18497930871104
07,optical,motion,bilateral_only_conservative,20.337828887742507,0.8408607339830806,18.402391493055557,29.166830605182405
07,optical,motion,gaussian_clahe,16.583430732489955,0.7824818886475999,29.294596354166668,41.51383836266571
07,optical,motion,median_clahe,16.75990801301691,0.7901530774397197,28.856770833333332,41.22533019055525
07,optical,motion,bilateral_clahe,17.10181182944076,0.8062060085622514,27.67509548611111,40.96030808762575
07,optical,motion,nlm_clahe,17.38754893007512,0.8101365915898151,26.533940972222222,40.11739336505081
07,optical,motion,nlm_clahe_unsharp,17.349405833153895,0.8092217494982147,26.53993923611111,40.60156657882323
07,optical,motion,auto_mask_telea_inpaint,18.197493065767716,0.7277288947324488,26.36337673611111,32.115643874625405
07,thermal,moderate,degraded_input,18.689725180938158,0.7597149628010572,25.175221354166666,26.60562291778762
07,thermal,moderate,nlm_only_conservative,18.80108724091416,0.7645581414498626,25.178567708333333,25.76326793499974
07,thermal,moderate,bilateral_only_conservative,18.754794558906795,0.7597627233452889,25.42234375,25.39813424958651
07,thermal,moderate,gaussian_clahe,15.335442708798013,0.6860049971623908,39.56848958333333,32.86836038366593
07,thermal,moderate,median_clahe,15.400599139197322,0.6830169671096732,39.15026041666667,32.52823320870915
07,thermal,moderate,bilateral_clahe,16.077268064447495,0.7163230579404335,36.208684895833336,32.46824801929851
07,thermal,moderate,nlm_clahe,16.785147768402975,0.7410592537537758,33.088203125,32.17453073281133
07,thermal,moderate,nlm_clahe_unsharp,16.773233754506286,0.7413912440665307,33.0274609375,32.588404621691474
07,thermal,moderate,auto_mask_telea_inpaint,18.71621326344424,0.75496701359175,25.144166666666667,26.853889152784532
07,thermal,severe,degraded_input,15.840563950895719,0.5938164769951332,37.33770833333333,21.77272100767278
07,thermal,severe,nlm_only_conservative,16.02941304581498,0.6104912591348048,37.301731770833335,19.66653999711963
07,thermal,severe,bilateral_only_conservative,16.037997134077052,0.6094683457711125,37.38032552083333,19.240365858769763
07,thermal,severe,gaussian_clahe,13.40005822289164,0.5834436598588887,50.19805989583333,30.226213863533445
07,thermal,severe,median_clahe,13.343922273266571,0.5793081410433547,50.4534765625,30.400398946676322
07,thermal,severe,bilateral_clahe,14.501061364108503,0.6494750205446524,44.7334375,28.529090509092306
07,thermal,severe,nlm_clahe,15.24728398758077,0.6819854149470116,41.235052083333336,27.59892723460406
07,thermal,severe,nlm_clahe_unsharp,15.235992010846587,0.6815487959133133,41.19744791666667,27.919340649005683
07,thermal,severe,auto_mask_telea_inpaint,15.697373920032287,0.5313896521234718,37.624036458333336,20.386444273272676
07,thermal,motion,degraded_input,18.6158252999333,0.7670171568174413,25.74920572916667,27.55687033083684
07,thermal,motion,nlm_only_conservative,18.742249518141783,0.7728001279245408,25.71307291666667,26.753919030752524
07,thermal,motion,bilateral_only_conservative,18.708994000035982,0.7700798207594559,25.893177083333335,26.54041523121248
07,thermal,motion,gaussian_clahe,15.608697532824436,0.7177696524938344,38.24688802083333,34.622819880935516
07,thermal,motion,median_clahe,15.541069706775959,0.7108264127453127,38.542317708333336,34.28518578491986
07,thermal,motion,bilateral_clahe,16.317581379297433,0.7466333831165086,35.20197916666667,34.57264326088043
07,thermal,motion,nlm_clahe,17.14597587775756,0.7749229786444598,31.782734375,34.24641644978839
07,thermal,motion,nlm_clahe_unsharp,17.136989828683266,0.7748517342367567,31.747682291666667,34.493265310757884
07,thermal,motion,auto_mask_telea_inpaint,18.58307540617416,0.7496282218422857,25.614388020833335,26.616417688933456
14,optical,moderate,degraded_input,16.841993093461543,0.800194962710871,28.855086805555555,38.22215020899334
14,optical,moderate,nlm_only_conservative,16.454025101093,0.7814019489317073,30.28314236111111,37.370221706564436
14,optical,moderate,bilateral_only_conservative,16.722297355782374,0.7924193579209955,29.355872395833334,37.62322971090102
14,optical,moderate,gaussian_clahe,16.95932312952088,0.8600935527776297,28.18361979166667,54.69355883068882
14,optical,moderate,median_clahe,17.00753551087924,0.8619105830644271,28.02242621527778,54.41890361423555
14,optical,moderate,bilateral_clahe,17.07586560024381,0.8645899024188389,27.67162326388889,54.546305463052335
14,optical,moderate,nlm_clahe,16.85557478813472,0.8539343180357668,28.1847265625,52.66856069731401
14,optical,moderate,nlm_clahe_unsharp,16.91137020731983,0.8585646793141986,27.949730902777777,53.585787240473714
14,optical,moderate,auto_mask_telea_inpaint,14.695360413291956,0.6303077836943896,38.11028211805556,36.12097166345449
14,optical,severe,degraded_input,13.936875619928951,0.5679937586672463,41.256649305555555,24.978582074197867
14,optical,severe,nlm_only_conservative,13.814756534382113,0.55234253462054,41.85588975694444,23.779169241967963
14,optical,severe,bilateral_only_conservative,13.918007801168436,0.5618004536150668,41.371922743055556,24.125154750502023
14,optical,severe,gaussian_clahe,15.032452331525521,0.7490354084955534,36.11118489583333,42.28268065384267
14,optical,severe,median_clahe,14.98273208037057,0.7439306781531897,36.36213107638889,41.90262301480947
14,optical,severe,bilateral_clahe,15.033137069221478,0.7486033373245953,36.075772569444446,41.70800775197046
14,optical,severe,nlm_clahe,15.018260021701735,0.7343149392368835,36.031375868055555,39.266199270371416
14,optical,severe,nlm_clahe_unsharp,15.04413301901362,0.7377333709944754,35.91134114583333,39.59415379946715
14,optical,severe,auto_mask_telea_inpaint,13.22790066398963,0.41165943714379327,46.49270833333333,22.92774987126905
14,optical,motion,degraded_input,15.961616035621942,0.7428848478939382,32.4327734375,36.25819461016901
14,optical,motion,nlm_only_conservative,15.79014747667394,0.7325929399865728,33.09892795138889,35.437415695340725
14,optical,motion,bilateral_only_conservative,15.924866486456112,0.73850605273941,32.60815538194444,35.66840804497119
14,optical,motion,gaussian_clahe,16.03839317220673,0.814789610610525,31.49457465277778,52.37114920830293
14,optical,motion,median_clahe,16.046961844960023,0.8153831250661617,31.477118055555554,52.33743125725355
14,optical,motion,bilateral_clahe,16.166255217273108,0.8226702207926783,30.90401909722222,52.518847579043616
14,optical,motion,nlm_clahe,16.223011524150387,0.8199662015340753,30.545264756944444,50.46896843556933
14,optical,motion,nlm_clahe_unsharp,16.238838284361904,0.8230839769003949,30.452513020833333,51.21412089297704
14,optical,motion,auto_mask_telea_inpaint,14.725670012646807,0.6255309301124312,38.34436197916666,34.53911447461302
14,thermal,moderate,degraded_input,20.4833079788915,0.8613160656699141,20.64764322916667,29.0754368488487
14,thermal,moderate,nlm_only_conservative,20.60100888048995,0.8643402602974,20.571640625,28.20314298617451
14,thermal,moderate,bilateral_only_conservative,20.55445291521658,0.862238879592907,20.79953125,27.978540910628844
14,thermal,moderate,gaussian_clahe,15.89920655177634,0.7732121061228181,36.6180078125,38.814528144103086
14,thermal,moderate,median_clahe,15.976282364142989,0.7788187701869675,36.376653645833336,38.67367234792801
14,thermal,moderate,bilateral_clahe,16.63474438503276,0.8035715761443587,33.665325520833335,38.705471585596065
14,thermal,moderate,nlm_clahe,17.371294016101906,0.8311779731686045,30.846145833333335,38.92539216384532
14,thermal,moderate,nlm_clahe_unsharp,17.350091754400637,0.8302996974609267,30.8056640625,39.26958508097817
14,thermal,moderate,auto_mask_telea_inpaint,20.410575770761028,0.8284944735544523,21.271341145833333,27.220337711817596
14,thermal,severe,degraded_input,16.880754884513646,0.6495202926691556,31.492356770833332,22.1117455895481
14,thermal,severe,nlm_only_conservative,17.0968424937045,0.665261901404437,31.206927083333333,20.008392522344884
14,thermal,severe,bilateral_only_conservative,17.14695741699817,0.6693518060923848,31.128893229166668,19.59374401906862
14,thermal,severe,gaussian_clahe,14.339278988224411,0.6461724108992044,43.773098958333335,31.380287044742115
14,thermal,severe,median_clahe,14.251151868460841,0.6354794997870686,44.06290364583333,31.42811859535996
14,thermal,severe,bilateral_clahe,15.193835862877975,0.7100344048502225,40.575,30.272084805058515
14,thermal,severe,nlm_clahe,15.739050329775273,0.7332885775754153,38.120078125,29.394372725667846
14,thermal,severe,nlm_clahe_unsharp,15.719247678576648,0.7317702997752817,38.104453125,29.706499582545014
14,thermal,severe,auto_mask_telea_inpaint,16.98806050404105,0.5966444773035373,31.398502604166666,20.450446372120666
14,thermal,motion,degraded_input,19.93567648218656,0.8334982289182359,21.49796875,28.680024120720287
14,thermal,motion,nlm_only_conservative,20.086564048288157,0.8387415297387774,21.353502604166668,27.830813818841346
14,thermal,motion,bilateral_only_conservative,20.06601258621354,0.8376980199272988,21.500338541666668,27.635708451789643
14,thermal,motion,gaussian_clahe,16.04957662995101,0.7683910349981208,35.539479166666666,37.53563706367637
14,thermal,motion,median_clahe,15.990340062829567,0.7638920666794332,35.657513020833335,37.51715790331041
14,thermal,motion,bilateral_clahe,16.645258113187325,0.7944869173515188,33.28404947916667,37.61301553304586
14,thermal,motion,nlm_clahe,17.2660961144975,0.8180890620243576,31.012122395833334,37.41712748500422
14,thermal,motion,nlm_clahe_unsharp,17.246057624506946,0.8172049351710049,30.979596354166667,37.70706183629784
14,thermal,motion,auto_mask_telea_inpaint,20.17146485299979,0.8180178394300173,21.689544270833334,27.169299858755945
23,optical,moderate,degraded_input,19.80636409250637,0.7921788997906487,19.3527734375,25.56721672384837
23,optical,moderate,nlm_only_conservative,19.361932968014205,0.770941274809782,20.368971354166668,24.708123735724442
23,optical,moderate,bilateral_only_conservative,19.661496670309315,0.7813109019396609,19.749140625,24.884218308611196
23,optical,moderate,gaussian_clahe,19.333084694557147,0.854153515517088,20.359670138888887,40.74231628753981
23,optical,moderate,median_clahe,19.34282987583029,0.8539001648658389,20.306783854166667,40.53132215261149
23,optical,moderate,bilateral_clahe,19.295605745052374,0.8549802438799069,20.331631944444446,40.47755140448516
23,optical,moderate,nlm_clahe,19.006661687292215,0.8412601020929009,21.11171875,38.588770411870584
23,optical,moderate,nlm_clahe_unsharp,19.030070283250463,0.8441871679833169,21.035225694444446,39.07528347005791
23,optical,moderate,auto_mask_telea_inpaint,18.02353863897882,0.6799619650597704,23.093441840277777,26.81686350463928
23,optical,severe,degraded_input,17.312898013869372,0.5890536820225714,27.27684027777778,17.98198797271424
23,optical,severe,nlm_only_conservative,17.222710801014433,0.5743305733788148,27.616961805555555,16.47890756300445
23,optical,severe,bilateral_only_conservative,17.35295553039107,0.5881122969010344,27.23997829861111,16.992437865128522
23,optical,severe,gaussian_clahe,17.716169389711133,0.7436039937291283,25.46740017361111,30.785485844766583
23,optical,severe,median_clahe,17.69871823745824,0.742030067933059,25.551649305555557,30.766375635161346
23,optical,severe,bilateral_clahe,18.012607245555184,0.7615694341547204,24.3711328125,30.381425304056442
23,optical,severe,nlm_clahe,17.975451305176914,0.748013297532863,24.550125868055556,28.20603698681291
23,optical,severe,nlm_clahe_unsharp,17.98479405259308,0.7496736963004479,24.509275173611112,28.379149692537606
23,optical,severe,auto_mask_telea_inpaint,15.925580951492673,0.43146377508765543,32.064765625,19.466188450687564
23,optical,motion,degraded_input,18.897011186304454,0.7388983418438644,21.414071180555556,24.676122958603536
23,optical,motion,nlm_only_conservative,18.732985478891006,0.7286547197587927,21.91318142361111,23.90766371211081
23,optical,motion,bilateral_only_conservative,18.875491858765557,0.7345187574143938,21.559375,24.08992489812333
23,optical,motion,gaussian_clahe,18.369375060019113,0.8020030867480716,22.522734375,38.91397606953938
23,optical,motion,median_clahe,18.429691764900276,0.8010449171654992,22.29526909722222,38.547683072354914
23,optical,motion,bilateral_clahe,18.595136613290236,0.8108533568326409,21.85849826388889,38.48563054415873
23,optical,motion,nlm_clahe,18.64381124327946,0.8118192905313023,21.85103298611111,36.902908620208834
23,optical,motion,nlm_clahe_unsharp,18.636264270596776,0.8127012242463572,21.84926215277778,37.238222748489015
23,optical,motion,auto_mask_telea_inpaint,18.094916013093485,0.6832376720499159,23.44858940972222,25.99390156823614
23,thermal,moderate,degraded_input,20.390314338057593,0.902189493314234,20.36895833333333,42.34597488004612
23,thermal,moderate,nlm_only_conservative,20.495597152196424,0.9038257398368287,20.252604166666668,41.80516984061496
23,thermal,moderate,bilateral_only_conservative,20.283095316009078,0.8981759111312698,20.835859375,41.31077877091324
23,thermal,moderate,gaussian_clahe,18.13296962697467,0.8888551157547244,26.905807291666665,52.65026441204241
23,thermal,moderate,median_clahe,18.165193823615795,0.8881962519424842,26.72578125,52.06683032248872
23,thermal,moderate,bilateral_clahe,18.747190141261466,0.9010936860508956,25.225390625,52.52145201291793
23,thermal,moderate,nlm_clahe,19.324875211017716,0.9153078750461335,23.708216145833333,53.721157619677776
23,thermal,moderate,nlm_clahe_unsharp,19.31561404838537,0.9155718809631403,23.657838541666667,54.16591436907314
23,thermal,moderate,auto_mask_telea_inpaint,19.19999269811945,0.8720632252957251,23.518450520833333,43.52546959694959
23,thermal,severe,degraded_input,16.543206893735423,0.7193983587687311,32.016575520833335,30.47661657528483
23,thermal,severe,nlm_only_conservative,16.730495740832207,0.7270146551903509,31.66095052083333,29.086085127814517
23,thermal,severe,bilateral_only_conservative,16.73734270234048,0.7260392153769811,31.675794270833332,28.63169992484457
23,thermal,severe,gaussian_clahe,15.666648031266622,0.7668873073585646,35.23807291666667,41.966331617709095
23,thermal,severe,median_clahe,15.623373851143585,0.760000254779363,35.3541015625,41.483921770114854
23,thermal,severe,bilateral_clahe,16.63388204835757,0.8133703832559054,32.045859375,42.143303818770185
23,thermal,severe,nlm_clahe,17.27388095885857,0.8373191354517365,30.003333333333334,42.597904475703146
23,thermal,severe,nlm_clahe_unsharp,17.257060492657132,0.8372143905240353,29.996861979166667,42.92160644100421
23,thermal,severe,auto_mask_telea_inpaint,15.44710727899766,0.6382455466257718,36.885013020833334,32.286133169949004
23,thermal,motion,degraded_input,19.48302755832492,0.8772345141552143,22.415794270833334,41.427469233340815
23,thermal,motion,nlm_only_conservative,19.621317469487504,0.8801801915602082,22.234075520833333,40.86546862610064
23,thermal,motion,bilateral_only_conservative,19.537634828604375,0.8773468210355787,22.5016015625,40.57478207682202
23,thermal,motion,gaussian_clahe,17.39692700880167,0.8603488972605586,29.021497395833332,50.96417402775795
23,thermal,motion,median_clahe,17.443969231809746,0.8589377818470123,28.817369791666668,50.31458468907313
23,thermal,motion,bilateral_clahe,18.105922425397456,0.8815083568156084,26.771276041666667,51.4418647519464
23,thermal,motion,nlm_clahe,18.648516315610948,0.8960682276856775,25.148216145833334,52.03432735884136
23,thermal,motion,nlm_clahe_unsharp,18.634823173264895,0.8960729186656362,25.127213541666666,52.325163455825084
23,thermal,motion,auto_mask_telea_inpaint,18.82215643932261,0.8580037918841064,24.433971354166665,42.482483578104855
31,optical,moderate,degraded_input,18.35020266077064,0.8659438229493162,24.17294704861111,42.42452332605742
31,optical,moderate,nlm_only_conservative,18.246076736081232,0.8627377593597461,24.459700520833334,42.18026065097739
31,optical,moderate,bilateral_only_conservative,18.305524566091655,0.8636212101963814,24.30376736111111,42.073875086600836
31,optical,moderate,gaussian_clahe,16.718720000355546,0.8363490315446013,29.581276041666666,49.8562054583878
31,optical,moderate,median_clahe,16.81848163836332,0.8405095564301515,29.195186631944445,49.869547660079455
31,optical,moderate,bilateral_clahe,17.063140587137042,0.847985639187687,28.336254340277776,50.038497737210434
31,optical,moderate,nlm_clahe,17.555422235698337,0.866103991672472,26.708624131944443,50.10998227453264
31,optical,moderate,nlm_clahe_unsharp,17.56018871259827,0.8672997884394549,26.572274305555556,50.63333558797088
31,optical,moderate,auto_mask_telea_inpaint,17.863671298358252,0.8525254033786145,26.291184895833332,44.61942575551512
31,optical,severe,degraded_input,15.258831350471239,0.6724998121688238,36.40154079861111,29.498663354483796
31,optical,severe,nlm_only_conservative,15.254468290248646,0.6696134602772658,36.40819444444445,28.66784778816954
31,optical,severe,bilateral_only_conservative,15.279379711893888,0.6719997282966904,36.29892795138889,28.897183533560533
31,optical,severe,gaussian_clahe,14.917782117568928,0.7027116778370365,37.39736979166667,38.84077516926129
31,optical,severe,median_clahe,14.866916665161419,0.6993538943439983,37.727009548611115,38.64920065468453
31,optical,severe,bilateral_clahe,15.032714049568911,0.7078950665871525,37.136067708333336,38.4414098803769
31,optical,severe,nlm_clahe,15.388061299978386,0.7322579065652175,35.70487413194444,37.40914012170989
31,optical,severe,nlm_clahe_unsharp,15.392651196381808,0.7334005147838174,35.63162326388889,37.64342492512226
31,optical,severe,auto_mask_telea_inpaint,15.270486325791556,0.6865219917078345,36.964214409722224,32.22421468483667
31,optical,motion,degraded_input,17.292580052256113,0.8199639108386751,27.08867621527778,41.20134951191757
31,optical,motion,nlm_only_conservative,17.259442336306144,0.8188805433081646,27.211870659722223,40.932096420865825
31,optical,motion,bilateral_only_conservative,17.286786496733672,0.8188319289143895,27.111905381944446,40.858300866465974
31,optical,motion,gaussian_clahe,15.957956122128794,0.7929897624226437,31.333194444444445,48.18435651009891
31,optical,motion,median_clahe,15.86249280311247,0.7868879502719597,31.679032118055556,47.87970046108602
31,optical,motion,bilateral_clahe,16.174800998491115,0.8018016037648096,30.706796875,48.13500904770396
31,optical,motion,nlm_clahe,16.59674436665829,0.8234721802727916,28.76127170138889,48.53061071691665
31,optical,motion,nlm_clahe_unsharp,16.576578888537,0.8234492271166564,28.71383246527778,48.892661450432385
31,optical,motion,auto_mask_telea_inpaint,17.470292118601392,0.834548557449293,27.632769097222223,43.58085356889044
31,thermal,moderate,degraded_input,18.972163387723832,0.8901059888364085,24.802903645833332,46.07740926144014
31,thermal,moderate,nlm_only_conservative,19.079615137680513,0.8923775303156573,24.723385416666666,45.661862038089986
31,thermal,moderate,bilateral_only_conservative,18.932427269534962,0.8877475938811633,25.27671875,45.15216098658202
31,thermal,moderate,gaussian_clahe,16.651964737993932,0.855092408637777,32.47415364583333,52.46027500997052
31,thermal,moderate,median_clahe,16.672958816656333,0.8544864715966857,32.60557291666667,51.8069596453747
31,thermal,moderate,bilateral_clahe,17.313369750895184,0.8747000168187496,30.01662760416667,53.28026685850751
31,thermal,moderate,nlm_clahe,18.415805075283025,0.9020641730789359,26.283059895833333,54.52313142584755
31,thermal,moderate,nlm_clahe_unsharp,18.411177644126635,0.9024094680345813,26.150533854166667,54.961379415421554
31,thermal,moderate,auto_mask_telea_inpaint,18.4642871716379,0.87245360650386,26.183307291666665,46.253938511034114
31,thermal,severe,degraded_input,15.487294328007108,0.71550924922914,37.876536458333334,33.1957419143975
31,thermal,severe,nlm_only_conservative,15.646878010178064,0.7229793936991877,37.73401041666666,31.98115973616449
31,thermal,severe,bilateral_only_conservative,15.63534604925877,0.7207593235060353,37.9115625,31.46788895257888
31,thermal,severe,gaussian_clahe,14.581899812228343,0.74113457897758,42.708958333333335,42.14287019520538
31,thermal,severe,median_clahe,14.487298288851726,0.7330654219665018,43.1639453125,41.71144401260708
31,thermal,severe,bilateral_clahe,15.510793543060899,0.7830728184394027,39.15171875,42.026122151758855
31,thermal,severe,nlm_clahe,16.22441682260664,0.814398824634496,36.00954427083333,42.965627595499214
31,thermal,severe,nlm_clahe_unsharp,16.213396215688608,0.8144617733930961,35.94251302083333,43.284536426005495
31,thermal,severe,auto_mask_telea_inpaint,15.197453044014608,0.6921977411585459,38.60329427083333,33.92028379715201
31,thermal,motion,degraded_input,18.56031170119272,0.8771643774692477,26.083059895833333,45.47632006933026
31,thermal,motion,nlm_only_conservative,18.68708827677844,0.8801315160836535,25.98162760416667,45.019501775973644
31,thermal,motion,bilateral_only_conservative,18.602522941961002,0.877245791782669,26.299049479166666,44.696454255137525
31,thermal,motion,gaussian_clahe,16.625660331630286,0.8490737426194376,32.96989583333333,50.85353247045592
31,thermal,motion,median_clahe,16.609927831073342,0.8475199369879739,33.016940104166665,50.58733895753962
31,thermal,motion,bilateral_clahe,17.363979034532694,0.8718196387664473,30.218541666666667,51.94964168959181
31,thermal,motion,nlm_clahe,18.06349266612818,0.8902992820448075,27.493736979166666,53.22334964673026
31,thermal,motion,nlm_clahe_unsharp,18.052856910335947,0.8903976321749837,27.403463541666667,53.557994429714284
31,thermal,motion,auto_mask_telea_inpaint,18.125054258147653,0.8633942910643254,26.98484375,46.23347150474388
40,optical,moderate,degraded_input,19.3543359838511,0.8424274620770842,23.085008680555557,33.600758405320754
40,optical,moderate,nlm_only_conservative,19.287038292157995,0.8378956337420389,23.240941840277777,33.29259804879604
40,optical,moderate,bilateral_only_conservative,19.31025817240506,0.8391727923794449,23.334813368055556,33.1508340887612
40,optical,moderate,gaussian_clahe,16.532081151258556,0.8274239066507739,30.66378472222222,48.32749295532743
40,optical,moderate,median_clahe,16.61757848676624,0.828958094476883,30.389348958333333,47.66730978670893
40,optical,moderate,bilateral_clahe,16.98438477152616,0.8387906083272139,28.967586805555555,47.41408928192355
40,optical,moderate,nlm_clahe,17.36730082866291,0.8515564084098074,27.33677951388889,47.804476691539534
40,optical,moderate,nlm_clahe_unsharp,17.350335999950318,0.8518708629682524,27.245642361111113,48.38768814726839
40,optical,moderate,auto_mask_telea_inpaint,18.794895686077147,0.8133712985810893,24.532886284722224,33.8204652315537
40,optical,severe,degraded_input,16.008129132532304,0.6126053588434236,35.19275173611111,23.24771156733018
40,optical,severe,nlm_only_conservative,16.050471252203632,0.609627291638606,35.21422309027778,22.321212741255575
40,optical,severe,bilateral_only_conservative,16.0350253636448,0.6114136082095906,35.27552517361111,22.44768126867087
40,optical,severe,gaussian_clahe,14.772992425928916,0.684464402719322,38.0061328125,37.23006950991944
40,optical,severe,median_clahe,14.830864244672723,0.6862880214846716,37.891484375,36.8373671019864
40,optical,severe,bilateral_clahe,15.094562415463379,0.7118696299827911,36.76431857638889,37.37011359217282
40,optical,severe,nlm_clahe,15.51481928680036,0.7022904626547911,35.06960503472222,34.73919336439939
40,optical,severe,nlm_clahe_unsharp,15.513893084048043,0.7033134865508311,34.99828993055556,35.00154402238771
40,optical,severe,auto_mask_telea_inpaint,16.16764498975844,0.6186978667835783,35.06907552083333,23.649650815192928
40,optical,motion,degraded_input,17.590267811759293,0.7443451494235804,27.305677083333332,31.469412945963377
40,optical,motion,nlm_only_conservative,17.58645895487888,0.7417389443937044,27.349939236111112,31.134807856032054
40,optical,motion,bilateral_only_conservative,17.588379751861737,0.7423590658940292,27.4423828125,31.029378168591343
40,optical,motion,gaussian_clahe,15.192222891763985,0.7357251426822349,34.712964409722225,45.978767580698026
40,optical,motion,median_clahe,15.25384370558968,0.7374954756578709,34.49653645833333,45.75518811639156
40,optical,motion,bilateral_clahe,15.496362666414559,0.7498267913545661,33.55772135416667,45.76837318125568
40,optical,motion,nlm_clahe,15.847090395205257,0.7659891194179709,32.064453125,45.30240878944844
40,optical,motion,nlm_clahe_unsharp,15.81113839469932,0.7646401346967324,32.063550347222225,45.6871461855312
40,optical,motion,auto_mask_telea_inpaint,18.172442399845863,0.7805362127378184,26.550047743055554,32.374229078723566
40,thermal,moderate,degraded_input,18.913060777610347,0.8804957529008315,23.5264453125,44.121894184058576
40,thermal,moderate,nlm_only_conservative,19.009333054039587,0.8823790367124388,23.343190104166666,43.5968630180951
40,thermal,moderate,bilateral_only_conservative,18.863658300731302,0.8775587302815137,23.793203125,43.17851638023824
40,thermal,moderate,gaussian_clahe,16.094857758726246,0.8068282668071364,33.9816796875,48.25776915095383
40,thermal,moderate,median_clahe,16.045244453121683,0.8031554231197268,34.148046875,47.77558697952969
40,thermal,moderate,bilateral_clahe,16.588261940362134,0.8199606958945048,32.20393229166667,47.93558602773802
40,thermal,moderate,nlm_clahe,17.263956724839417,0.8445971137196158,29.642239583333332,48.86195489598136
40,thermal,moderate,nlm_clahe_unsharp,17.24917401950797,0.8450258111826924,29.5755078125,49.380017868565105
40,thermal,moderate,auto_mask_telea_inpaint,18.160315512698574,0.8764000075363786,27.3748828125,49.27916041550581
40,thermal,severe,degraded_input,15.402956234957292,0.695728310962859,36.43821614583333,31.939206109446207
40,thermal,severe,nlm_only_conservative,15.54474018962054,0.702120315136251,35.9591015625,30.613655688394648
40,thermal,severe,bilateral_only_conservative,15.565527242053609,0.7023343029477156,35.91744791666667,30.180519056902032
40,thermal,severe,gaussian_clahe,13.97860728067511,0.6779595107251528,43.34092447916667,39.2571702949627
40,thermal,severe,median_clahe,13.973761873348431,0.6759569473633069,43.25638020833333,39.077669181325994
40,thermal,severe,bilateral_clahe,14.853951921743127,0.7255726648289303,39.482174479166666,38.790053314539925
40,thermal,severe,nlm_clahe,15.311685966774123,0.7449223031550887,37.523684895833334,39.069291060670544
40,thermal,severe,nlm_clahe_unsharp,15.293993495026006,0.7446999064152177,37.54091145833333,39.423594836312276
40,thermal,severe,auto_mask_telea_inpaint,14.92211163773613,0.696235684877948,39.78006510416667,37.673772151317266
40,thermal,motion,degraded_input,17.936719604005532,0.8471712805700561,26.1480078125,42.892445561693634
40,thermal,motion,nlm_only_conservative,18.03676206075704,0.8496229771520213,25.939518229166666,42.33686656790279
40,thermal,motion,bilateral_only_conservative,17.99981333934899,0.8480909840952755,26.109296875,42.161701723098176
40,thermal,motion,gaussian_clahe,15.750164664905718,0.7859989229852273,35.21186197916666,46.44009666246439
40,thermal,motion,median_clahe,15.694545641852562,0.7820249625217482,35.40765625,46.07648395943561
40,thermal,motion,bilateral_clahe,16.356902510841678,0.810598519499582,32.822604166666665,46.90088819554291
40,thermal,motion,nlm_clahe,16.883574552286206,0.8264171012063756,30.718997395833334,47.286724470800486
40,thermal,motion,nlm_clahe_unsharp,16.86081481962925,0.8260639596807098,30.710989583333333,47.58120933874048
40,thermal,motion,auto_mask_telea_inpaint,17.3568889975978,0.8342935539007552,28.729375,45.99012116816236
