source,split,profile,method,row,gap_rmse,gap_nrmse,gap_mae,visible_rmse,whole_rmse,gap_correlation,whole_correlation
am_9db,test,long_gaps,autoregression,17799.027777777777,2.4943615909425465,0.9997251888953751,1.0496641114609595,0.0,0.8249325561881751,0.04192590699556146,0.4163741081273903
am_9db,test,long_gaps,dictionary_24,17799.027777777777,2.6363209774663545,1.0590061167634683,1.0519346652250463,0.0,0.8718812103148363,0.04077539390125595,0.34204820163258753
am_9db,test,long_gaps,dictionary_48,17799.027777777777,2.67385817831621,1.077928676895364,1.0569978621446585,0.0,0.8842954726101112,0.007226000966963331,0.32897174755988323
am_9db,test,long_gaps,dictionary_8,17799.027777777777,2.7441882546992664,1.1071864569742176,1.0979961065641417,0.0,0.9075549590848294,0.02285335056336693,0.3027748515890931
am_9db,test,long_gaps,linear,17799.027777777777,2.5239051049511847,1.0132637591768792,1.1453424578700386,0.0,0.8347031550534011,-0.00139411818211791,0.40118985408155183
am_9db,test,long_gaps,local_dictionary_24,17799.027777777777,2.6948704870323272,1.0822074613329156,1.077067344640685,0.0,0.8912446405268815,0.0486694142982636,0.316245628517722
am_9db,test,long_gaps,local_dictionary_8,17799.027777777777,2.713882248267787,1.0982946298235272,1.0921617413801794,0.0,0.8975321895536771,0.020541430855513115,0.3082127642797253
am_9db,test,long_gaps,local_pca_16,17799.027777777777,2.74450787221408,1.1154297611569068,1.1487937486394872,0.0,0.9076606626421866,0.049906525876755606,0.32371065254934256
am_9db,test,long_gaps,local_pca_32,17799.027777777777,2.625914361077344,1.0630704413590242,1.1118998173465489,0.0,0.8684395454454649,0.08272799540117143,0.3574521348195573
am_9db,test,long_gaps,local_pca_8,17799.027777777777,2.681515569973914,1.0899194609920846,1.0987028361666564,0.0,0.8868279168623245,0.07943401771288541,0.34083429036365787
am_9db,test,long_gaps,pca_r32_l01,17799.027777777777,3.4833185236560253,1.4333268506605792,1.4015002135055912,0.0,1.1519993188523128,0.12733850396320562,0.34842129101118696
am_9db,test,long_gaps,pca_r64_l001,17799.027777777777,3.355965352137313,1.3980468823666592,1.4429687981163608,0.0,1.1098812162880796,0.11007311784207077,0.2700092116011235
am_9db,test,long_gaps,pca_r64_l01,17799.027777777777,2.6905972749352003,1.092459911188041,1.15014518271321,0.0,0.8898314084633276,0.1333007497278199,0.3688249209385351
am_9db,test,long_gaps,pca_r64_l1,17799.027777777777,2.5274598956498893,1.013991187685416,1.0299082419075878,0.0,0.8358787915723584,0.09526889870100147,0.3884923300681936
am_9db,test,long_gaps,pca_r96_l01,17799.027777777777,2.618439398153851,1.0633034631196052,1.145382675931285,0.0,0.8659674338260911,0.12577903937323115,0.3719623673754668
am_9db,test,long_gaps,pchip,17799.027777777777,2.5279440146703576,1.0151872648786293,1.1523224376499468,0.0,0.8360388988889979,-0.002624111530586354,0.39724890691585935
am_9db,test,long_gaps,template_1,17799.027777777777,3.281972633966694,1.3687958842812964,1.3389458268848182,0.0,1.0854104248994358,0.03638983048582359,0.2375789068533807
am_9db,test,long_gaps,zero_fill,17799.027777777777,2.4949355374663362,1.0,1.058936116509599,0.0,0.8251223711591498,,0.4152649956844064
am_9db,test,mixed_damage,autoregression,17799.027777777777,3.267180990379517,0.9973825721502505,1.5802788459323454,0.2557293135050768,0.860373798499127,0.060532105474974625,0.39947129044510343
am_9db,test,mixed_damage,dictionary_24,17799.027777777777,3.5662814079142233,1.0951567992249958,1.6930367438786462,0.14950749550848794,0.9100414353276746,-0.04162868696766194,0.2763668403219736
am_9db,test,mixed_damage,dictionary_48,17799.027777777777,3.5999871078607666,1.1021384969377226,1.6962919428275682,0.14240321092583497,0.9152208146828057,-0.055380203005488376,0.2713113671102959
am_9db,test,mixed_damage,dictionary_8,17799.027777777777,3.6058530369805535,1.1105297699004621,1.7165511887308489,0.1693905492354313,0.9289777966026276,-0.01847693316538124,0.26698340680314675
am_9db,test,mixed_damage,linear,17799.027777777777,3.2791541252553125,1.001792856716,1.609843800453328,0.2557293135050768,0.8631880802564295,0.0008043651021435046,0.3795539015191037
am_9db,test,mixed_damage,local_dictionary_24,17799.027777777777,3.9624049611056216,1.2096513506917839,1.882697738893543,0.2557293135050768,1.0305790429648694,0.03687039655680093,0.1568275856192543
am_9db,test,mixed_damage,local_dictionary_8,17799.027777777777,3.520866480032006,1.0804643370979818,1.6866373265412533,0.2557293135050768,0.9238341831089496,0.13005715038748808,0.25468474094268573
am_9db,test,mixed_damage,local_pca_16,17799.027777777777,3.346265020014339,1.0237773652628464,1.592118313414497,0.2557293135050768,0.8798371957355497,0.07697786588986938,0.27841419708552784
am_9db,test,mixed_damage,local_pca_32,17799.027777777777,3.327439852644586,1.0186578159724589,1.607271698638221,0.2557293135050768,0.8750925230525036,0.08467047034803944,0.2914749988927287
am_9db,test,mixed_damage,local_pca_8,17799.027777777777,3.432999656461815,1.0585047344067613,1.6349796184594267,0.2557293135050768,0.9012575213211679,0.09017279774837758,0.25463623560677484
am_9db,test,mixed_damage,pca_r32_l01,17799.027777777777,3.688823699014038,1.13999866429346,1.7894296068420077,0.1637706487210718,0.9378155596644836,0.14364405169833594,0.35623964012889603
am_9db,test,mixed_damage,pca_r64_l001,17799.027777777777,4.477232727811507,1.421986055970551,2.2934849605232506,0.13782021351537235,1.12825640811364,0.08274125420668296,0.235920988478583
am_9db,test,mixed_damage,pca_r64_l01,17799.027777777777,3.392768400107371,1.0419063789859866,1.6820604686143217,0.1413896863094983,0.8611612366302536,0.1008314095434693,0.35226301326392717
am_9db,test,mixed_damage,pca_r64_l1,17799.027777777777,3.316685354155233,1.0134389467937908,1.5825063356355211,0.15228668056894534,0.846173578576455,0.06608972607365637,0.3643516209811829
am_9db,test,mixed_damage,pca_r96_l01,17799.027777777777,3.3164881817210814,1.0146787743740784,1.633439755444507,0.12461677396414148,0.8390290533626286,0.1150296270776049,0.38224596167730374
am_9db,test,mixed_damage,pchip,17799.027777777777,3.2799266317962346,1.0020901254318768,1.6150664790178868,0.2557293135050768,0.8633718210286153,0.0013976133256707645,0.3776466307452629
am_9db,test,mixed_damage,template_1,17799.027777777777,4.342446466938551,1.3291806851852896,2.063569622808878,0.2170081381126425,1.1275972247544084,-0.05670615843848922,0.10775265747137211
am_9db,test,mixed_damage,zero_fill,17799.027777777777,3.2736728900398266,1.0,1.597183879311328,0.2557293135050768,0.861887857131763,,0.39310884772968424
am_9db,test,raster_image,autoregression,17799.027777777777,4.868128770455908,1.1064813243157317,2.7818591796715575,0.08077096380440053,0.8649774944421872,0.07303649310802858,0.40091955293146453
am_9db,test,raster_image,dictionary_24,17799.027777777777,3.694805112608762,0.8303178230754863,2.1106494144534604,0.08077096380440053,0.6586857422743843,0.5444755492104618,0.6873760947177594
am_9db,test,raster_image,dictionary_48,17799.027777777777,3.5989341633722867,0.8092709888537926,2.0528099007183975,0.08077096380440053,0.6419415398517896,0.5683080992562608,0.7093289240117558
am_9db,test,raster_image,dictionary_8,17799.027777777777,3.7259924090626746,0.8515612257321192,2.135799781470339,0.08077096380440053,0.6640458345749927,0.5105465148259175,0.6769379435816324
am_9db,test,raster_image,linear,17799.027777777777,4.770128086633354,1.071653995299837,2.814576297277414,0.08077096380440053,0.8474454343636817,-0.02394935339397196,0.4024025981061721
am_9db,test,raster_image,local_dictionary_24,17799.027777777777,3.487623222447806,0.7870089822322437,1.9603509053787345,0.08077096380440053,0.6232356857409314,0.6194385202915259,0.709957065468949
am_9db,test,raster_image,local_dictionary_8,17799.027777777777,3.619018187486014,0.8246456206713568,2.0524832087477307,0.08077096380440053,0.6460925295504305,0.5689987594113215,0.6802647887340332
am_9db,test,raster_image,local_pca_16,17799.027777777777,3.939095401240085,0.9037292713660767,2.198253029760151,0.08077096380440053,0.7024605577104563,0.5425973551375485,0.6442561290418501
am_9db,test,raster_image,local_pca_32,17799.027777777777,3.588437374386222,0.8136424635620535,2.041801627179124,0.08077096380440053,0.6410071624749201,0.6158713516304389,0.6996227161225284
am_9db,test,raster_image,local_pca_8,17799.027777777777,6.531087244840148,1.5792751872573005,3.4605678872977723,0.08077096380440053,1.1582760328400703,0.2976638682760218,0.4111270221077543
am_9db,test,raster_image,pca_r32_l01,17799.027777777777,5.275392984550365,1.2480898106514666,2.9581879483176965,0.08077096380440053,0.9367388071816435,0.43502625170503406,0.5355717530655955
am_9db,test,raster_image,pca_r64_l001,17799.027777777777,6.234491127685754,1.5095433277640335,3.4531355172097524,0.08077096380440053,1.106111050112202,0.3077959509345477,0.432203395928163
am_9db,test,raster_image,pca_r64_l01,17799.027777777777,4.771983829101803,1.1339473511776124,2.717423627868658,0.08077096380440053,0.8481204625376204,0.39617762326882466,0.5334660279697191
am_9db,test,raster_image,pca_r64_l1,17799.027777777777,3.790860119534384,0.8578834904449605,2.192241283385508,0.08077096380440053,0.6758671424084908,0.5464880358389355,0.6642323671188243
am_9db,test,raster_image,pca_r96_l01,17799.027777777777,3.95961596188154,0.910912044264573,2.286508258059628,0.08077096380440053,0.7054994724516407,0.5359006427834718,0.6484626303652853
am_9db,test,raster_image,pchip,17799.027777777777,4.81161460554755,1.07983885714649,2.8440786092202552,0.08077096380440053,0.854744614590661,-0.01758798103924704,0.3971883809725114
am_9db,test,raster_image,template_1,17799.027777777777,4.210704310205347,0.9610396265427096,2.4063174341543494,0.08077096380440053,0.749397533940975,0.39337941253153796,0.5825858559495328
am_9db,test,raster_image,zero_fill,17799.027777777777,4.485423418041992,1.0,2.6331294335781688,0.08077096380440053,0.7974226591770637,,0.48308031067052276
am_9db,test,severe_4x,autoregression,17799.027777777777,3.2719088947674404,0.999382899236704,1.5951445382671396,0.4011133790224394,0.9195490315503064,0.026347821880212813,0.10902119272914093
am_9db,test,severe_4x,dictionary_24,17799.027777777777,3.4338438423924558,1.0542123254638467,1.6247908786373626,0.18424528267280108,0.8926164694181978,0.08167008792926027,0.3189782648540247
am_9db,test,severe_4x,dictionary_48,17799.027777777777,3.414799193861933,1.0490504497009625,1.61606866899871,0.18349539662024433,0.8883479143955182,0.09482458765772618,0.3267857985662166
am_9db,test,severe_4x,dictionary_8,17799.027777777777,3.6117949008502688,1.115688670632898,1.7138150589772427,0.19210888946168458,0.9394200051043389,0.009117262091210316,0.24573629217942367
am_9db,test,severe_4x,linear,17799.027777777777,3.2774362452579404,1.0012246213002003,1.6051561095855158,0.4011133790224394,0.920796769770934,0.001558492868119282,0.1029611849574548
am_9db,test,severe_4x,local_dictionary_24,17799.027777777777,3.648101788073512,1.1343990287357015,1.7239419977219324,0.4011133790224394,1.0081568943848211,0.13073162739778774,0.1410765689541906
am_9db,test,severe_4x,local_dictionary_8,17799.027777777777,3.398265688068817,1.0474070622277007,1.615939049575555,0.4011133790224394,0.9496793220529633,0.1433119399974674,0.1575172669479088
am_9db,test,severe_4x,local_pca_16,17799.027777777777,3.3021944935376144,1.009263575054369,1.5860882934290885,0.4011133790224394,0.9278392049850529,0.09907532188823535,0.12579580976050717
am_9db,test,severe_4x,local_pca_32,17799.027777777777,3.2983185368990573,1.008232983527736,1.592314039812437,0.4011133790224394,0.9272436517754353,0.10016822854744216,0.1262489253290182
am_9db,test,severe_4x,local_pca_8,17799.027777777777,3.2949509195103803,1.0095898522919655,1.5763458375509665,0.4011133790224394,0.926678094407069,0.11687070766093571,0.13701381995873071
am_9db,test,severe_4x,pca_r32_l01,17799.027777777777,3.3592076401181945,1.03118251497377,1.6494780605699395,0.2165435569250427,0.8815376052228012,0.15067362859805977,0.36670485111439477
am_9db,test,severe_4x,pca_r64_l001,17799.027777777777,3.893983449741848,1.2268900433745984,2.0928203751929453,0.2932636421089553,1.0263755940519363,0.15965540439968726,0.2981658628645866
am_9db,test,severe_4x,pca_r64_l01,17799.027777777777,3.3090617282483406,1.0141464794068296,1.6307314993504258,0.19795598357978014,0.8609077358554579,0.12270479965100375,0.3621953223112375
am_9db,test,severe_4x,pca_r64_l1,17799.027777777777,3.3299260540944573,1.01799692912737,1.5860266328696881,0.1911964406501072,0.8674055196515907,0.05032074581564096,0.3406935075475467
am_9db,test,severe_4x,pca_r96_l01,17799.027777777777,3.287899625405779,1.0049510815360359,1.591939762478558,0.1927514954723086,0.85657730594323,0.12273421967783633,0.3655475311422904
am_9db,test,severe_4x,pchip,17799.027777777777,3.278752632802164,1.0017100772945706,1.6103027191259685,0.4011133790224394,0.9210874693461601,0.0012680789176825454,0.1021414535891363
am_9db,test,severe_4x,template_1,17799.027777777777,4.278102576533767,1.3687198899853186,2.02350586798517,0.2291117060784972,1.1105486822315975,-0.028547449872299773,0.1255806649695838
am_9db,test,severe_4x,zero_fill,17799.027777777777,3.2736728900398266,1.0,1.597183879311328,0.4011133790224394,0.9199540533844109,,0.10587126824757984
am_9db,test,short_gaps,autoregression,17799.027777777777,4.867231308278192,1.1062262865481771,2.8003249427227797,0.0,0.8604130659217453,0.08092561214437434,0.4233748733530043
am_9db,test,short_gaps,dictionary_24,17799.027777777777,3.6869061060890167,0.8331641580621589,2.0975372316686802,0.0,0.651759077303408,0.5532807973760909,0.6977584015870795
am_9db,test,short_gaps,dictionary_48,17799.027777777777,3.566251032982067,0.8057345779844357,2.027996980548354,0.0,0.6304300722087874,0.5794397513944697,0.7185284337270046
am_9db,test,short_gaps,dictionary_8,17799.027777777777,3.710493979249319,0.8540574436813448,2.1154667605597433,0.0,0.6559288635697625,0.525875669353046,0.6949147810365706
am_9db,test,short_gaps,linear,17799.027777777777,4.822761229373162,1.0850168523803772,2.869705652540478,0.0,0.8525517923333334,-0.024572863477136914,0.41061164748721385
am_9db,test,short_gaps,local_dictionary_24,17799.027777777777,3.5421083168482093,0.7962315638153966,1.9802424555502536,0.0,0.6261622026351592,0.6202551494027537,0.7123727653918889
am_9db,test,short_gaps,local_dictionary_8,17799.027777777777,3.664283501798301,0.837721938844264,2.070305146175446,0.0,0.6477599280778918,0.5615334177762145,0.6794470269995033
am_9db,test,short_gaps,local_pca_16,17799.027777777777,3.9523647108631517,0.9073316280992505,2.20463516973902,0.0,0.6986859721934356,0.5474102170270124,0.6582975514312707
am_9db,test,short_gaps,local_pca_32,17799.027777777777,3.5472581981627105,0.8039664773495977,2.0080892607626044,0.0,0.6270725816351067,0.6254796224262615,0.712853106576093
am_9db,test,short_gaps,local_pca_8,17799.027777777777,7.0366823106422745,1.7023480100146986,3.7005647916735875,0.0,1.2439214447276443,0.2991136143037564,0.42270576366235213
am_9db,test,short_gaps,pca_r32_l01,17799.027777777777,5.603649349170078,1.3261072203561781,3.1275529412320076,0.0,0.9905946135474364,0.4398887544915677,0.5483054174385059
am_9db,test,short_gaps,pca_r64_l001,17799.027777777777,6.6490708971823445,1.6085238135568538,3.668841462799371,0.0,1.1754007799969393,0.31127612067079435,0.4449305513215054
am_9db,test,short_gaps,pca_r64_l01,17799.027777777777,4.920657109937981,1.172097876091276,2.7874676010342485,0.0,0.8698575025827364,0.40337110409095245,0.5491007007614604
am_9db,test,short_gaps,pca_r64_l1,17799.027777777777,3.740797133556213,0.8472142601800657,2.1615385445026063,0.0,0.6612857550451994,0.5573728778569429,0.6768981570374213
am_9db,test,short_gaps,pca_r96_l01,17799.027777777777,3.99289785483556,0.9196623303651482,2.293206894112339,0.0,0.7058512874348608,0.5380271928090891,0.6608235603338671
am_9db,test,short_gaps,pchip,17799.027777777777,4.872687174714389,1.0948102827124548,2.905677691179107,0.0,0.8613775359603157,-0.017041619191218094,0.40579925073079326
am_9db,test,short_gaps,template_1,17799.027777777777,4.338027496384323,0.9990724415097421,2.46792855913098,0.0,0.766862164916764,0.39880754667251517,0.5925962104048944
am_9db,test,short_gaps,zero_fill,17799.027777777777,4.485423418041992,1.0,2.6331294335781688,0.0,0.7929183288476086,,0.4869663486042154
am_9db,validation,long_gaps,autoregression,13299.5,2.4902920313712023,0.9973468496347837,1.2564526286968594,0.0,0.8235866758667577,0.13397851015031906,0.6197882276129315
am_9db,validation,long_gaps,dictionary_24,13299.5,2.6408123619597252,1.0851396695959366,1.3238248942900712,0.0,0.8733665961163152,0.11947271270204189,0.5730169038307579
am_9db,validation,long_gaps,dictionary_48,13299.5,2.658416528489648,1.0960075923844312,1.342702840870345,0.0,0.879188626950908,0.13446312707507227,0.5787594256449863
am_9db,validation,long_gaps,dictionary_8,13299.5,2.685614605342641,1.1007411537471194,1.3348212501640138,0.0,0.8881835453874382,0.08466993756276657,0.5669506779485676
am_9db,validation,long_gaps,linear,13299.5,2.8094039307621546,1.104692239630622,1.5160836929958312,0.0,0.929123016640498,-0.006759729285132352,0.5748245340400898
am_9db,validation,long_gaps,local_dictionary_24,13299.5,2.728250626808826,1.0994964637829032,1.3892402998475328,0.0,0.9022840840990303,0.16987555705253335,0.5513485805989057
am_9db,validation,long_gaps,local_dictionary_8,13299.5,2.603569049493484,1.0470927910760366,1.295363024429126,0.0,0.8610495282680719,0.19354407633291548,0.5671247669441664
am_9db,validation,long_gaps,local_pca_16,13299.5,3.481122675380315,1.4653125107860283,1.8110288861771506,0.0,1.151273110295518,0.09536450292526305,0.4979504480401547
am_9db,validation,long_gaps,local_pca_32,13299.5,3.220030185180429,1.3681494219182309,1.699113478403678,0.0,1.0649248855135847,0.11144165080364649,0.5227080796766888
am_9db,validation,long_gaps,local_pca_8,13299.5,3.5051169801742526,1.4985419894148968,1.7536455046579311,0.0,1.1592084807163485,0.1169177641604004,0.5031346665178039
am_9db,validation,long_gaps,pca_r32_l01,13299.5,7.139133895773647,3.137372921806213,3.3135454519283365,0.0,2.3610466080760983,-0.034234831275187554,0.22908484489762423
am_9db,validation,long_gaps,pca_r64_l001,13299.5,7.7139296787443925,3.336385396434229,3.6904577707819315,0.0,2.551142445124754,0.08229102329092121,0.2777227609683596
am_9db,validation,long_gaps,pca_r64_l01,13299.5,4.347189485836799,1.84717174163514,2.290314511598834,0.0,1.4376977851998645,0.08387599726692291,0.408926205970143
am_9db,validation,long_gaps,pca_r64_l1,13299.5,2.722753039431821,1.1138038280092075,1.4058793510125354,0.0,0.9004659279727298,0.09731172361740882,0.5692430446788249
am_9db,validation,long_gaps,pca_r96_l01,13299.5,3.302715287551486,1.3799019988718604,1.7711771106899512,0.0,1.0922704127640512,0.14621364071703266,0.5261617849777905
am_9db,validation,long_gaps,pchip,13299.5,2.8080750220934383,1.1034230172188337,1.5066569481968086,0.0,0.9286835214089305,-0.009988457957768836,0.5749210361389651
am_9db,validation,long_gaps,template_1,13299.5,3.0272052139951637,1.252128460900324,1.4567848733833568,0.0,1.0011540204736586,0.1139981851260901,0.5180566109750621
am_9db,validation,long_gaps,zero_fill,13299.5,2.4894817441609387,1.0,1.2481660753975277,0.0,0.8233186985606459,,0.6163238684001126
am_9db,validation,mixed_damage,autoregression,13299.5,3.064016601301576,0.9920232031804693,1.7000585399959434,0.5010536335252535,0.9472168515205847,0.15883249534475616,0.6120270349986097
am_9db,validation,mixed_damage,dictionary_24,13299.5,3.2751738814715377,1.0757821502835567,1.8720428751985931,0.4504253746332889,0.9720764208926513,0.1313355827965895,0.5051439707889535
am_9db,validation,mixed_damage,dictionary_48,13299.5,3.2792093459117617,1.07908279943353,1.8681325481879607,0.37134448607744464,0.9234399218064677,0.1446032750344063,0.5443775474045657
am_9db,validation,mixed_damage,dictionary_8,13299.5,3.314830788993493,1.095752082528283,1.8556773364432504,0.5331059068227593,1.0324233072781073,0.10761711648092907,0.45562053838270306
am_9db,validation,mixed_damage,linear,13299.5,3.1296242688526963,1.0144356009060544,1.7763238865412176,0.5010536335252535,0.9595189472788165,-0.008337585256517703,0.5858449927226642
am_9db,validation,mixed_damage,local_dictionary_24,13299.5,3.370790041515221,1.0932106471708556,1.9094243179017918,0.5010536335252535,1.0147107080557476,0.19267418726284244,0.4466184021756403
am_9db,validation,mixed_damage,local_dictionary_8,13299.5,3.353123887431798,1.0971841566405813,1.8400289525185587,0.5010536335252535,1.0093538482290032,0.12110591505784431,0.43847277460738915
am_9db,validation,mixed_damage,local_pca_16,13299.5,3.119407579928943,1.015603606208992,1.78029628135576,0.5010536335252535,0.9576667591244533,0.1648298341511396,0.5359374813936008
am_9db,validation,mixed_damage,local_pca_32,13299.5,3.1854161854871155,1.0477599391413988,1.8860609608590417,0.5010536335252535,0.9693860489432459,0.1596971942104866,0.5115307167130324
am_9db,validation,mixed_damage,local_pca_8,13299.5,3.2041503440958423,1.0540295421312986,1.7892993985558936,0.5010536335252535,0.9745672207560019,0.1274396382176458,0.5091739746385281
am_9db,validation,mixed_damage,pca_r32_l01,13299.5,5.208845646099078,1.7965769723453118,2.9371078525474896,0.374309524646117,1.3617013171337502,0.036193652851522984,0.35411109515518563
am_9db,validation,mixed_damage,pca_r64_l001,13299.5,7.373029524477007,2.590082665064228,4.209944529969042,0.2490862579067923,1.8606021165980466,0.057342694751046704,0.3505187749627981
am_9db,validation,mixed_damage,pca_r64_l01,13299.5,3.830953409194244,1.285693178073469,2.256482523522043,0.25899090521968104,0.9952827173714652,0.06387519335945124,0.5289878899372956
am_9db,validation,mixed_damage,pca_r64_l1,13299.5,3.1559013187128326,1.0284833934828124,1.7761886851862425,0.31018215594626414,0.8614883631182622,0.11004756418303126,0.5808940087733369
am_9db,validation,mixed_damage,pca_r96_l01,13299.5,3.4458260119363224,1.1405165095850702,1.9873491195594488,0.19617287860492064,0.8853157358463108,0.1151324321349559,0.5923195070205856
am_9db,validation,mixed_damage,pchip,13299.5,3.1415142375748655,1.0178469344358552,1.7871387814651287,0.5010536335252535,0.9620132834464054,-0.007963603748531754,0.5798831421403825
am_9db,validation,mixed_damage,template_1,13299.5,3.843166303365564,1.2525176001926763,2.0925512052856985,0.6398161152118436,1.2316302078077646,-0.07915910634326696,0.2164438420629348
am_9db,validation,mixed_damage,zero_fill,13299.5,3.085690767504014,1.0,1.7363759110567198,0.5010536335252535,0.9510033521791358,,0.616404050294334
am_9db,validation,raster_image,autoregression,13299.5,4.2689898642506785,1.0399281511027658,2.5447434180398214,0.13646475717003906,0.7731161623281557,0.32602705113698166,0.7028752895683702
am_9db,validation,raster_image,dictionary_24,13299.5,3.3302116871408796,0.8679724246224647,2.1394304319317694,0.13646475717003906,0.6074178845399358,0.4056093612228752,0.8184317611499367
am_9db,validation,raster_image,dictionary_48,13299.5,3.4097887960423967,0.8864721281106082,2.2069287510581916,0.13646475717003906,0.6213736984894107,0.36515186855586346,0.8050867892014679
am_9db,validation,raster_image,dictionary_8,13299.5,3.546554644811384,0.929108955666389,2.2345412267957845,0.13646475717003906,0.6444343598811346,0.3300387535088903,0.7891272771544764
am_9db,validation,raster_image,linear,13299.5,4.404596036132609,1.107816596523272,2.7537929414876845,0.13646475717003906,0.7942302072437241,-0.02329328544386282,0.6330785561213604
am_9db,validation,raster_image,local_dictionary_24,13299.5,3.0164750686830892,0.7822145478277367,1.8938452897880647,0.13646475717003906,0.5558798651961402,0.6137852994832638,0.8423549665071736
am_9db,validation,raster_image,local_dictionary_8,13299.5,3.1666698838730745,0.8167535004444358,1.956119658711269,0.13646475717003906,0.5818432149090854,0.5757627659769831,0.8067179441957678
am_9db,validation,raster_image,local_pca_16,13299.5,3.184409828962672,0.8314604610261477,2.025592952071179,0.13646475717003906,0.5838000242517619,0.5847062851724419,0.8338337553044717
am_9db,validation,raster_image,local_pca_32,13299.5,2.898681015980068,0.7360540356862556,1.8422216745495994,0.13646475717003906,0.5374286889331505,0.6644060113596892,0.8514467242018177
am_9db,validation,raster_image,local_pca_8,13299.5,5.284273527012758,1.4750032062309055,3.0487126851591912,0.13646475717003906,0.9476719577934474,0.37455415741574494,0.6876427075020314
am_9db,validation,raster_image,pca_r32_l01,13299.5,8.40729672518273,2.444275008414485,4.913582722763409,0.13646475717003906,1.493472313999767,0.2810122400432063,0.5367016330929987
am_9db,validation,raster_image,pca_r64_l001,13299.5,8.937216321575137,2.555247504428918,5.208198097625993,0.13646475717003906,1.5878780429566444,0.3281312929990084,0.5571476799369212
am_9db,validation,raster_image,pca_r64_l01,13299.5,5.628717113400767,1.5783714319911732,3.4828929863418403,0.13646475717003906,1.0065046622568083,0.38423133601550913,0.676018200297649
am_9db,validation,raster_image,pca_r64_l1,13299.5,3.3676729845979945,0.8743535067564506,2.1841032596356857,0.13646475717003906,0.6149839572606229,0.5164641860687773,0.8170212718931676
am_9db,validation,raster_image,pca_r96_l01,13299.5,3.818016023488299,1.0390702683331068,2.425084030643195,0.13646475717003906,0.6912471992829277,0.48042761890044106,0.7831927228609484
am_9db,validation,raster_image,pchip,13299.5,4.4378467794209255,1.119053499747537,2.7777346010693713,0.13646475717003906,0.7999522688875604,-0.024387322305858977,0.6309700850851837
am_9db,validation,raster_image,template_1,13299.5,3.7512460460283172,1.0186049492871645,2.3503241619064568,0.13646475717003906,0.679198604499963,0.28145255864857893,0.75968420430375
am_9db,validation,raster_image,zero_fill,13299.5,3.994262309904535,1.0,2.523629997339228,0.13646475717003906,0.7234633019304589,,0.6970192415440319
am_9db,validation,severe_4x,autoregression,13299.5,3.145750837966681,1.016000192358313,1.7774725206623765,0.7785557314545869,1.1457730019865495,0.020621811292899066,0.20031553686732573
am_9db,validation,severe_4x,dictionary_24,13299.5,3.350924843420096,1.1074729675201598,1.8955453579416817,0.5176700356856024,1.0233764548047553,0.12802474462188052,0.46501250207969136
am_9db,validation,severe_4x,dictionary_48,13299.5,3.269408489742691,1.0812691193491955,1.8579263669109183,0.4983627898375429,0.9928272426754532,0.18250827327870867,0.5057250107836552
am_9db,validation,severe_4x,dictionary_8,13299.5,3.483227013281164,1.14668969788654,1.959689239112753,0.5867307411027863,1.1002589629932118,0.0723240561782632,0.38752410097883194
am_9db,validation,severe_4x,linear,13299.5,3.0918115836036946,1.0021799443674237,1.7458723369110345,0.7785557314545869,1.1371853009063468,-0.001721905728191582,0.20392463297377217
am_9db,validation,severe_4x,local_dictionary_24,13299.5,3.3305023568947405,1.0686213124051782,1.8972096856741913,0.7785557314545869,1.1899683958256573,0.2237726359376262,0.20965781417351026
am_9db,validation,severe_4x,local_dictionary_8,13299.5,3.2175443742907444,1.0448695034239939,1.773556307573964,0.7785557314545869,1.1634710469645257,0.20136372978593478,0.2287098249825622
am_9db,validation,severe_4x,local_pca_16,13299.5,3.144884890772311,1.0226250144410707,1.8113751249494852,0.7785557314545869,1.1473729761997122,0.1336152813547297,0.19832492068473676
am_9db,validation,severe_4x,local_pca_32,13299.5,3.1153983504788942,1.0155901485890253,1.8162069770666405,0.7785557314545869,1.1424621903030636,0.1524261391328723,0.20848010390006788
am_9db,validation,severe_4x,local_pca_8,13299.5,3.1720577491437556,1.0322100401710488,1.806543695566879,0.7785557314545869,1.1526631425474665,0.09819802765857077,0.1868695800319653
am_9db,validation,severe_4x,pca_r32_l01,13299.5,3.9645445605797778,1.3463332332294211,2.3048152752898976,0.6268518383282108,1.205982745706762,0.05061974383369163,0.40785481548931996
am_9db,validation,severe_4x,pca_r64_l001,13299.5,4.969361431199577,1.705668634913132,3.1223726161371883,0.7968425906667291,1.495999067252644,0.09882596978986162,0.35880988691677485
am_9db,validation,severe_4x,pca_r64_l01,13299.5,3.272515292410349,1.0682840559594784,1.9151202148711421,0.49553483236610996,0.9876513916897828,0.11054591087972382,0.5005188929032056
am_9db,validation,severe_4x,pca_r64_l1,13299.5,3.0963300164552408,1.003340980273135,1.7374379335755528,0.44646390862404745,0.9263987295625132,0.136266086985077,0.5338357869676195
am_9db,validation,severe_4x,pca_r96_l01,13299.5,3.1418738754402544,1.017977180381701,1.7922362281145505,0.43463470357201234,0.924632486416782,0.14946255270643025,0.5399789467495483
am_9db,validation,severe_4x,pchip,13299.5,3.0919798962179317,1.0022276702400594,1.7486519821882949,0.7785557314545869,1.137240127505976,-0.0026959851403105923,0.20376711544453197
am_9db,validation,severe_4x,template_1,13299.5,3.8076720548503644,1.2624921699398046,2.1085770458112765,0.6839132787831965,1.2462128556438468,0.11036148891427965,0.2920966210863232
am_9db,validation,severe_4x,zero_fill,13299.5,3.085690767504014,1.0,1.7363759110567198,0.7785557314545869,1.1362354700612374,,0.2072945172394445
am_9db,validation,short_gaps,autoregression,13299.5,4.516960936775664,1.094135290946966,2.6837270431693945,0.0,0.7984934271872031,0.3057682617568109,0.6827484340374591
am_9db,validation,short_gaps,dictionary_24,13299.5,3.3884800081245436,0.890689340076538,2.17452323246079,0.0,0.599004297914978,0.4119105102831955,0.8225948032562886
am_9db,validation,short_gaps,dictionary_48,13299.5,3.4300135847161353,0.9023174838618832,2.2392776417239353,0.0,0.6063464663286894,0.37516285797964005,0.8187817858452305
am_9db,validation,short_gaps,dictionary_8,13299.5,3.5801301065840723,0.9471159480112927,2.2600904378105473,0.0,0.6328835689739286,0.351147196931066,0.7987340686782068
am_9db,validation,short_gaps,linear,13299.5,4.49422425516074,1.130865504521797,2.8197289595753428,0.0,0.7944741117493049,-0.02444771667262083,0.6370647686753022
am_9db,validation,short_gaps,local_dictionary_24,13299.5,3.1429253758853744,0.8220721447103947,1.974535544310613,0.0,0.5555959615129568,0.6078952426801011,0.8400901739589098
am_9db,validation,short_gaps,local_dictionary_8,13299.5,3.156413477284002,0.8208784604637112,1.9373899459397375,0.0,0.5579803435040321,0.5945687666716205,0.8185979871934256
am_9db,validation,short_gaps,local_pca_16,13299.5,3.14110036328279,0.8285200843168593,1.9971950305791806,0.0,0.5552733418161971,0.6008796445209627,0.8498979284658136
am_9db,validation,short_gaps,local_pca_32,13299.5,2.8353564334231485,0.7253392195035769,1.8067088509288907,0.0,0.501224940288603,0.6803756295681209,0.8649825575862699
am_9db,validation,short_gaps,local_pca_8,13299.5,5.813305920061399,1.6245211248763054,3.3047919368071326,0.0,1.0276570092968293,0.3788577288458674,0.6962449348614325
am_9db,validation,short_gaps,pca_r32_l01,13299.5,9.385705525065381,2.7485316115320946,5.434614110151574,0.0,1.6591740057484443,0.27225374745627406,0.5392482631967486
am_9db,validation,short_gaps,pca_r64_l001,13299.5,9.981137961848125,2.843142829779376,5.789807670716326,0.0,1.7644325841953215,0.33379642100256635,0.5683944332739197
am_9db,validation,short_gaps,pca_r64_l01,13299.5,6.066764182410896,1.707441188141778,3.7447110592215207,0.0,1.0724625233106013,0.3884492248103644,0.6884701602404135
am_9db,validation,short_gaps,pca_r64_l1,13299.5,3.3431843893607716,0.8751964781611576,2.1733259076116753,0.0,0.590997088118502,0.5255839799240128,0.8272551432065379
am_9db,validation,short_gaps,pca_r96_l01,13299.5,3.8947864555902787,1.078655519677776,2.4758304299467766,0.0,0.688507478505351,0.4948420395750814,0.7981888279242488
am_9db,validation,short_gaps,pchip,13299.5,4.538391451816304,1.1459270471847436,2.850337358953381,0.0,0.8022818428145922,-0.025213040093391075,0.6346606643768959
am_9db,validation,short_gaps,template_1,13299.5,3.9213127436264354,1.0698851644347869,2.4368837874683704,0.0,0.6931967080428696,0.2586650314878051,0.7674019347350126
am_9db,validation,short_gaps,zero_fill,13299.5,3.994262309904535,1.0,2.523629997339228,0.0,0.7060924912928349,,0.6998210807797728
chirp_9db,test,long_gaps,autoregression,17799.027777777777,2.4540475166465487,0.9983240909835056,1.149844390383082,0.0,0.8115999293228011,0.05329412891263626,0.4361087700184605
chirp_9db,test,long_gaps,dictionary_24,17799.027777777777,2.6205232073145277,1.07332980164243,1.1464716377483664,0.0,0.8666565889284497,-0.002760373089393037,0.3369182959417236
chirp_9db,test,long_gaps,dictionary_48,17799.027777777777,2.622319736575633,1.0737776037665683,1.1385145223983544,0.0,0.8672507351344416,-0.020646618741150438,0.3454698459873347
chirp_9db,test,long_gaps,dictionary_8,17799.027777777777,2.7377506911542255,1.125207787907848,1.1980631887136701,0.0,0.9054259350611602,-0.032034377080264624,0.2899623130948298
chirp_9db,test,long_gaps,linear,17799.027777777777,2.473614091121384,1.007914144625603,1.2380256783536165,0.0,0.8180709655815309,-0.0011396409630646661,0.42222841455495247
chirp_9db,test,long_gaps,local_dictionary_24,17799.027777777777,2.652534654591974,1.0921592453941924,1.1739488643354392,0.0,0.8772433800038721,0.02030597434751527,0.31345810031682503
chirp_9db,test,long_gaps,local_dictionary_8,17799.027777777777,2.6931421708131698,1.1139971492863667,1.18964674536534,0.0,0.8906730536640352,0.003357940821241951,0.3031463944053688
chirp_9db,test,long_gaps,local_pca_16,17799.027777777777,2.6164271808123902,1.0830291684017186,1.1860224683705134,0.0,0.8653019554924265,0.026297710840124004,0.34574469912725125
chirp_9db,test,long_gaps,local_pca_32,17799.027777777777,2.616730667754531,1.080212711624422,1.2267822324776305,0.0,0.8654023243643089,0.018424930358418422,0.3563103613176791
chirp_9db,test,long_gaps,local_pca_8,17799.027777777777,2.5929299029287125,1.072629622382471,1.151792585128821,0.0,0.857530961271528,0.04110476861025691,0.3504619307801185
chirp_9db,test,long_gaps,pca_r32_l01,17799.027777777777,3.4543690008706687,1.4413728294536916,1.5465467882978543,0.0,1.1424251641193066,0.052841538135391594,0.3181675063958144
chirp_9db,test,long_gaps,pca_r64_l001,17799.027777777777,3.531370715593412,1.53756707910154,1.656277117393421,0.0,1.1678910875795463,0.11521035635967342,0.28367022725392843
chirp_9db,test,long_gaps,pca_r64_l01,17799.027777777777,2.6604534635622326,1.1043245881773822,1.2396737691579274,0.0,0.8798622799057635,0.1071607770054312,0.38462884999546426
chirp_9db,test,long_gaps,pca_r64_l1,17799.027777777777,2.5061651824259474,1.0202873122831475,1.1316465290305688,0.0,0.8288362271434849,0.04312927061903602,0.3918041275979134
chirp_9db,test,long_gaps,pca_r96_l01,17799.027777777777,2.5265495800833,1.046308805821853,1.2081005059382586,0.0,0.8355777329968853,0.11595954230981925,0.4038411210382614
chirp_9db,test,long_gaps,pchip,17799.027777777777,2.4767362649168256,1.0093241935764021,1.254875324422839,0.0,0.8191035275081137,-0.0005314689610778065,0.419699057560609
chirp_9db,test,long_gaps,template_1,17799.027777777777,3.3860935478252365,1.4242286549445193,1.4893081820100122,0.0,1.1198451804432463,0.07036964187099783,0.26054104540887235
chirp_9db,test,long_gaps,zero_fill,17799.027777777777,2.4570670877743255,1.0,1.1658930966254266,0.0,0.8125985586065723,,0.43376749785551993
chirp_9db,test,mixed_damage,autoregression,17799.027777777777,3.2867038431283166,1.0523137391707589,1.755861684982782,0.28621373261046446,0.8762750360463438,0.08290456847638021,0.38283470471408015
chirp_9db,test,mixed_damage,dictionary_24,17799.027777777777,2.7721693523073885,0.9028083481141711,1.4006712927086846,0.1377893770558331,0.7160709512788702,0.4284053314406516,0.6075168341903354
chirp_9db,test,mixed_damage,dictionary_48,17799.027777777777,2.775148955504753,0.895695340280753,1.391741185680243,0.12557306556495654,0.7131931301954838,0.4429449689115799,0.6143482936703444
chirp_9db,test,mixed_damage,dictionary_8,17799.027777777777,2.950965973120366,0.9753385214659303,1.4938080814670807,0.1589948849143148,0.7675800104028359,0.2984772223233485,0.5318991646980173
chirp_9db,test,mixed_damage,linear,17799.027777777777,3.190213411118287,1.0199501715239532,1.6870070561474781,0.28621373261046446,0.8525502831948907,0.00016861277353178298,0.39644693001439607
chirp_9db,test,mixed_damage,local_dictionary_24,17799.027777777777,2.8770851145681124,0.9557474195309642,1.4431285469783361,0.28621373261046446,0.784158521458951,0.4097798563609254,0.4846633763571451
chirp_9db,test,mixed_damage,local_dictionary_8,17799.027777777777,2.91156703577075,0.9518487215444912,1.4526124819453503,0.28621373261046446,0.794819019961974,0.3379693819338281,0.43299600808156724
chirp_9db,test,mixed_damage,local_pca_16,17799.027777777777,2.7488036269150626,0.8870138755218816,1.3846836711179105,0.28621373261046446,0.7564966103726324,0.4505118133568637,0.5447980573482457
chirp_9db,test,mixed_damage,local_pca_32,17799.027777777777,2.734604275905747,0.8839367767408873,1.4117802876974122,0.28621373261046446,0.7516881848754415,0.4574475791003696,0.5565638519221743
chirp_9db,test,mixed_damage,local_pca_8,17799.027777777777,2.997270196099569,0.9781662534626806,1.51551680598154,0.28621373261046446,0.8143922421838315,0.4222913835434995,0.4934604462543106
chirp_9db,test,mixed_damage,pca_r32_l01,17799.027777777777,3.4724695056648383,1.1480893354959756,1.787369399292353,0.15384967055754017,0.8836878692210033,0.388919568207609,0.5212097142119873
chirp_9db,test,mixed_damage,pca_r64_l001,17799.027777777777,4.186711637436759,1.4092304373879123,2.1501465765557253,0.1163607384071378,1.0538736067180818,0.2764447910622004,0.426299070030539
chirp_9db,test,mixed_damage,pca_r64_l01,17799.027777777777,2.8486935099117123,0.9237422553950653,1.4759315346542583,0.12155176816284745,0.725360605683138,0.42055625364035115,0.5815987774611046
chirp_9db,test,mixed_damage,pca_r64_l1,17799.027777777777,2.8464366401534797,0.9131910588298306,1.4590406710755994,0.1467521306899688,0.7313568981955485,0.358858146301009,0.560729305498919
chirp_9db,test,mixed_damage,pca_r96_l01,17799.027777777777,2.7387920949610023,0.8858298739152115,1.4071958241097215,0.10149933595311643,0.6936669242848333,0.4544197821918428,0.6131755714952108
chirp_9db,test,mixed_damage,pchip,17799.027777777777,3.1922973230629004,1.0210025966102831,1.687108835989501,0.28621373261046446,0.8530020554004241,-0.004098181211676342,0.39911093944154313
chirp_9db,test,mixed_damage,template_1,17799.027777777777,3.5470619260757954,1.1652075767861074,1.8023386921983549,0.20549393511128686,0.9351054832411548,0.19984436340263742,0.38248399863463
chirp_9db,test,mixed_damage,zero_fill,17799.027777777777,3.135279502347421,1.0,1.6588231228277226,0.28621373261046446,0.8398333183748179,,0.46416986776016916
chirp_9db,test,raster_image,autoregression,17799.027777777777,4.578286266252396,1.1699442405711271,2.702097887893147,0.09602926065297854,0.8157088484633344,0.20252082332862342,0.5591827976042514
chirp_9db,test,raster_image,dictionary_24,17799.027777777777,2.5702272468431886,0.7097967821509968,1.5407325766815103,0.09602926065297854,0.4657995469127929,0.7010452103288144,0.8449315636394371
chirp_9db,test,raster_image,dictionary_48,17799.027777777777,2.3966996538900176,0.6682853727507633,1.4163045749303107,0.09602926065297854,0.4359341267715316,0.7353898724804856,0.864872591127763
chirp_9db,test,raster_image,dictionary_8,17799.027777777777,2.7019783028470648,0.7434517828595629,1.6337602347416753,0.09602926065297854,0.48889120705002476,0.6499940588539229,0.8140024073143892
chirp_9db,test,raster_image,linear,17799.027777777777,4.572254713762942,1.1736131571140835,2.6884438987806045,0.09602926065297854,0.8144481195337246,-0.03560940396202119,0.5075191973457094
chirp_9db,test,raster_image,local_dictionary_24,17799.027777777777,2.2793116215375107,0.6411513561542477,1.3495134021468411,0.09602926065297854,0.4176480416872831,0.7368291186127154,0.8579367977673575
chirp_9db,test,raster_image,local_dictionary_8,17799.027777777777,2.492572182066517,0.6982732651264071,1.5093963089300093,0.09602926065297854,0.4532093014624015,0.7073912823549969,0.8429414732838241
chirp_9db,test,raster_image,local_pca_16,17799.027777777777,2.136020602480645,0.5873792734011812,1.2295439076604313,0.09602926065297854,0.39280296420531324,0.7866685830678865,0.8832768685530891
chirp_9db,test,raster_image,local_pca_32,17799.027777777777,1.9382061557123182,0.5347282142299196,1.12518741801084,0.09602926065297854,0.35901498607872423,0.8176069695556909,0.8999140206853186
chirp_9db,test,raster_image,local_pca_8,17799.027777777777,3.623034286005083,1.0307793481205647,2.039727249693917,0.09602926065297854,0.6495413651707392,0.6865044263253917,0.7824693863890653
chirp_9db,test,raster_image,pca_r32_l01,17799.027777777777,3.3741707762565025,0.9630147165899783,1.9643475418148322,0.09602926065297854,0.6059535389462427,0.5836273584510753,0.749960225393277
chirp_9db,test,raster_image,pca_r64_l001,17799.027777777777,3.2748452090622115,0.9294855721065386,1.9046608636801028,0.09602926065297854,0.5877381228294444,0.707615324064839,0.8087404586777004
chirp_9db,test,raster_image,pca_r64_l01,17799.027777777777,2.7273906079861727,0.7715711953154316,1.5899473050751982,0.09602926065297854,0.49286854164983407,0.7232294795792397,0.83683547367144
chirp_9db,test,raster_image,pca_r64_l1,17799.027777777777,2.324435317961979,0.6477297976969115,1.3811906358270007,0.09602926065297854,0.42390363498448425,0.7319429983866398,0.861611622259137
chirp_9db,test,raster_image,pca_r96_l01,17799.027777777777,2.233872955604555,0.6238847905171868,1.3298209167279946,0.09602926065297854,0.4080771995404567,0.7656275819450139,0.8795714365121542
chirp_9db,test,raster_image,pchip,17799.027777777777,4.642646424094483,1.1875311874772492,2.713542920271153,0.09602926065297854,0.8268999359912441,-0.046902028006847944,0.5017651074690179
chirp_9db,test,raster_image,template_1,17799.027777777777,3.2496975937383055,0.9087109377498758,1.9185630097681659,0.09602926065297854,0.583826768642914,0.5098401469011344,0.7281036138461663
chirp_9db,test,raster_image,zero_fill,17799.027777777777,3.9016679332504034,1.0,2.396331008933338,0.09602926065297854,0.6971291432956932,,0.6329732654122956
chirp_9db,test,severe_4x,autoregression,17799.027777777777,3.2040160913222824,1.0221364345692543,1.709026718178556,0.45908880680839304,0.93184639075516,0.009315131279125312,0.08990867234972891
chirp_9db,test,severe_4x,dictionary_24,17799.027777777777,2.7837043877647285,0.9073783034917676,1.378779971905923,0.1786806372252263,0.7408621976181137,0.4032865642585945,0.5646859712778293
chirp_9db,test,severe_4x,dictionary_48,17799.027777777777,2.8069399497371728,0.9192602711274426,1.3906030282077444,0.17684593189075326,0.7479694197912494,0.36304210354680505,0.546442406633124
chirp_9db,test,severe_4x,dictionary_8,17799.027777777777,2.7415904945651888,0.8944147323151042,1.3792021069791423,0.1919836726998507,0.7345987083392945,0.4358367856593729,0.5761396255987189
chirp_9db,test,severe_4x,linear,17799.027777777777,3.147232879776986,1.0036801578173784,1.6667707736440776,0.45908880680839304,0.9198054539290824,0.017210504924570033,0.10771535568169348
chirp_9db,test,severe_4x,local_dictionary_24,17799.027777777777,3.292819574784472,1.1097945549197792,1.617282170017684,0.45908880680839304,0.9560332256040454,0.3655428769190536,0.31891554318661525
chirp_9db,test,severe_4x,local_dictionary_8,17799.027777777777,2.901024576254755,0.9534646475287507,1.4548225270536355,0.45908880680839304,0.875537064968539,0.40359512391371477,0.3519478764589641
chirp_9db,test,severe_4x,local_pca_16,17799.027777777777,2.6331752116682265,0.8540483348331669,1.3543657535293177,0.45908880680839304,0.8184684712029198,0.4585190620705419,0.39583309065800687
chirp_9db,test,severe_4x,local_pca_32,17799.027777777777,2.6312117103953807,0.8523558520850887,1.3690420832020036,0.45908880680839304,0.8181722109521661,0.4549134845332842,0.39357023677966213
chirp_9db,test,severe_4x,local_pca_8,17799.027777777777,2.6687803087450757,0.867826324432849,1.3628459226399805,0.45908880680839304,0.8250670632801852,0.4394959336659727,0.3864131728955654
chirp_9db,test,severe_4x,pca_r32_l01,17799.027777777777,2.8629001458376115,0.9401537532792626,1.5004471904208119,0.2344103881745753,0.7749474281331915,0.3773978157654434,0.5434393436685232
chirp_9db,test,severe_4x,pca_r64_l001,17799.027777777777,3.307799150129271,1.1370875585929,1.861992053620047,0.2856179761671661,0.8904968056273161,0.46561493478268684,0.5561227150300405
chirp_9db,test,severe_4x,pca_r64_l01,17799.027777777777,2.6301326763743327,0.8570755248883707,1.3855500651886767,0.1916686383526408,0.7021785988933743,0.45565680817935394,0.6026992405461835
chirp_9db,test,severe_4x,pca_r64_l1,17799.027777777777,2.8734827925489452,0.9235909977373716,1.487796109025628,0.20020588385872254,0.7626212576379214,0.32737472637716947,0.5329576710072845
chirp_9db,test,severe_4x,pca_r96_l01,17799.027777777777,2.609387492300286,0.8458371547437695,1.3528555758561058,0.1790298609185683,0.6943575830815863,0.4697028167733671,0.6106373562647772
chirp_9db,test,severe_4x,pchip,17799.027777777777,3.150772196485528,1.0049273950467892,1.6695484712358823,0.45908880680839304,0.9205441185522873,0.015872654001279515,0.10662765995919499
chirp_9db,test,severe_4x,template_1,17799.027777777777,3.694043178689012,1.1993906308593627,1.8328847232469034,0.22536377887529213,0.978831588939243,0.18373576602988184,0.3272542165807712
chirp_9db,test,severe_4x,zero_fill,17799.027777777777,3.135279502347421,1.0,1.6588231228277226,0.45908880680839304,0.9172702571325159,,0.10718549419281578
chirp_9db,test,short_gaps,autoregression,17799.027777777777,4.9678469871679845,1.2558338082324203,2.8709601115973786,0.0,0.8781995731309103,0.20713226003851248,0.5630481758124676
chirp_9db,test,short_gaps,dictionary_24,17799.027777777777,2.521828960032343,0.7072644676959736,1.5108303967927281,0.0,0.4458005896578723,0.6922326664310288,0.8431055357874371
chirp_9db,test,short_gaps,dictionary_48,17799.027777777777,2.334688512344579,0.6591113626309304,1.383435726442396,0.0,0.4127185197592961,0.7327363439349674,0.8640758901862791
chirp_9db,test,short_gaps,dictionary_8,17799.027777777777,2.624827443234545,0.7298050575117982,1.5924900189317046,0.0,0.4640083211389235,0.6516550074524846,0.8190084812702325
chirp_9db,test,short_gaps,linear,17799.027777777777,4.743436221240348,1.2167591795172459,2.7728305317764863,0.0,0.8385289795412356,-0.035387113829505754,0.5125976783846576
chirp_9db,test,short_gaps,local_dictionary_24,17799.027777777777,2.24496262954379,0.6394395491761928,1.316581235963812,0.0,0.39685707471519927,0.7266548283994257,0.8575853130937241
chirp_9db,test,short_gaps,local_dictionary_8,17799.027777777777,2.4053671537703996,0.6843579579706911,1.4403357259220881,0.0,0.4252128564186087,0.699009764141769,0.8488066629746723
chirp_9db,test,short_gaps,local_pca_16,17799.027777777777,2.027059649897789,0.5615728768897101,1.1508396392231401,0.0,0.3583369060780888,0.8022350898848775,0.8974907567605092
chirp_9db,test,short_gaps,local_pca_32,17799.027777777777,1.8473426480216293,0.5143090717389015,1.0607564901230302,0.0,0.32656712839780183,0.8278712590155677,0.9086100056042928
chirp_9db,test,short_gaps,local_pca_8,17799.027777777777,4.02517236812594,1.1480186359077242,2.2564112920060397,0.0,0.7115566692366415,0.6866716707504072,0.7888565030981671
chirp_9db,test,short_gaps,pca_r32_l01,17799.027777777777,3.719766340527865,1.0627121273139353,2.1605909531383443,0.0,0.6575680009541804,0.5782594265076961,0.7508172276144821
chirp_9db,test,short_gaps,pca_r64_l001,17799.027777777777,3.5328271686469734,1.005309904068368,2.0466326820771505,0.0,0.6245215119275865,0.7198953132129117,0.8233972850623119
chirp_9db,test,short_gaps,pca_r64_l01,17799.027777777777,2.897458588930947,0.822025232219596,1.6843430373442336,0.0,0.5122031541100694,0.7322896676570955,0.8482324194993958
chirp_9db,test,short_gaps,pca_r64_l1,17799.027777777777,2.223746864230841,0.6276408304792899,1.3205155169375837,0.0,0.39310662183498707,0.7403432099963356,0.8676893803482554
chirp_9db,test,short_gaps,pca_r96_l01,17799.027777777777,2.1262905792850746,0.5995561977866485,1.263743544430517,0.0,0.3758786218463872,0.7824295554633962,0.8946976039381058
chirp_9db,test,short_gaps,pchip,17799.027777777777,4.830322473603648,1.233382021244954,2.8087573110131707,0.0,0.8538884441007294,-0.04668758885752952,0.5067323678208918
chirp_9db,test,short_gaps,template_1,17799.027777777777,3.291087860999771,0.9303926883267677,1.9405755148545423,0.0,0.581787635998417,0.5271252301653611,0.7381257424324559
chirp_9db,test,short_gaps,zero_fill,17799.027777777777,3.9016679332504034,1.0,2.396331008933338,0.0,0.6897239633848655,,0.6355238269253506
chirp_9db,validation,long_gaps,autoregression,13299.5,2.38001625036241,0.9974799326295223,1.2743132770541454,0.0,0.7871163893439221,0.12701574484333983,0.6494378503933974
chirp_9db,validation,long_gaps,dictionary_24,13299.5,2.5506058778410723,1.0956757494900369,1.3596636860006521,0.0,0.8435336056633836,0.08782495729117183,0.6101440044012411
chirp_9db,validation,long_gaps,dictionary_48,13299.5,2.5613327764976916,1.1051841454619913,1.376523284961235,0.0,0.8470811939364343,0.10208147746847294,0.6067142067606849
chirp_9db,validation,long_gaps,dictionary_8,13299.5,2.6334985475832773,1.1362445094176647,1.3966660325808642,0.0,0.8709477793693939,0.05809716679493071,0.590508185214178
chirp_9db,validation,long_gaps,linear,13299.5,2.631120524750037,1.105861524050569,1.506028981282763,0.0,0.8701613222407955,-0.0022575897240548113,0.6176158306669036
chirp_9db,validation,long_gaps,local_dictionary_24,13299.5,2.7941098135165263,1.2052556556979945,1.4972830538947448,0.0,0.9240649627962236,0.05223913507767821,0.5363124784862457
chirp_9db,validation,long_gaps,local_dictionary_8,13299.5,2.595892502105994,1.1073536127188484,1.380605294424912,0.0,0.8585107488537095,0.10565518874276998,0.5860090040710053
chirp_9db,validation,long_gaps,local_pca_16,13299.5,3.1120802043104496,1.3409845272206906,1.7161797015975002,0.0,1.0292237850865662,0.014404941565956085,0.5349909123365469
chirp_9db,validation,long_gaps,local_pca_32,13299.5,2.905800578239514,1.2896088413734967,1.6499526877218897,0.0,0.96100321119618,0.039629285569306,0.5560063386744477
chirp_9db,validation,long_gaps,local_pca_8,13299.5,3.147154740306645,1.37056467061587,1.650252429538745,0.0,1.0408235975361808,0.02850038166807804,0.5367537911773668
chirp_9db,validation,long_gaps,pca_r32_l01,13299.5,7.106825124420376,3.3818758042225263,3.616330404238429,0.0,2.350361486305248,-0.038383377936835834,0.2542518155100902
chirp_9db,validation,long_gaps,pca_r64_l001,13299.5,8.832829915473228,4.205916342433494,4.44582130824557,0.0,2.921183916159228,0.06001444824706084,0.25528083279333624
chirp_9db,validation,long_gaps,pca_r64_l01,13299.5,4.250632288593374,1.9195696993048195,2.3717213726442856,0.0,1.405764493799925,0.04174789268797672,0.4173195984227067
chirp_9db,validation,long_gaps,pca_r64_l1,13299.5,2.6249582595193766,1.1153039764249184,1.440665282220828,0.0,0.8681233445766522,0.026097708898495314,0.583180851933226
chirp_9db,validation,long_gaps,pca_r96_l01,13299.5,2.9675084571833827,1.289665980124743,1.6595955960972146,0.0,0.9814111738985244,0.0534412805229408,0.5432261038145235
chirp_9db,validation,long_gaps,pchip,13299.5,2.659726522485922,1.1197632895019998,1.5313367622135028,0.0,0.879621866742549,-0.0023702297659614507,0.6138786931471433
chirp_9db,validation,long_gaps,template_1,13299.5,2.841754805263848,1.2351029223394934,1.4648556772771881,0.0,0.9398220627188656,0.11113886294172072,0.5331609827966771
chirp_9db,validation,long_gaps,zero_fill,13299.5,2.3824984308501795,1.0,1.2865366853060336,0.0,0.787937293378899,,0.645438860698759
chirp_9db,validation,mixed_damage,autoregression,13299.5,3.0147360161575754,1.010691584138473,1.7939959629292426,0.5512953777471431,0.9723500317256253,0.22739543319667044,0.6416643540904531
chirp_9db,validation,mixed_damage,dictionary_24,13299.5,3.0773246396425322,1.082630530248023,1.820973589095842,0.4515292693162853,0.932954102393828,0.11701684630845431,0.560121114618911
chirp_9db,validation,mixed_damage,dictionary_48,13299.5,3.0023751663995495,1.0701265059499818,1.798363390593446,0.3645474537901916,0.860324803965857,0.18027605444942718,0.6298301644223259
chirp_9db,validation,mixed_damage,dictionary_8,13299.5,3.0838648581169994,1.0864367786332223,1.7988400795390476,0.5480490875830653,1.0012235841818073,0.125419540949571,0.5161318033271244
chirp_9db,validation,mixed_damage,linear,13299.5,3.008843950303588,1.0261144736172396,1.7970207807616498,0.5512953777471431,0.9662256002843789,-0.014697784920922531,0.6211981583191948
chirp_9db,validation,mixed_damage,local_dictionary_24,13299.5,3.2900469081939465,1.194510571644401,1.9152982463823525,0.5512953777471431,1.0233484654216094,0.2283774657795323,0.5356166377338932
chirp_9db,validation,mixed_damage,local_dictionary_8,13299.5,3.0752530021082585,1.0934171451266865,1.7987370362186217,0.5512953777471431,0.9855418915771939,0.23461261243767018,0.5348295350827058
chirp_9db,validation,mixed_damage,local_pca_16,13299.5,2.8681495210831423,0.9903664110958257,1.7136034967132672,0.5512953777471431,0.9363356397947431,0.2957426813069472,0.6350898409577765
chirp_9db,validation,mixed_damage,local_pca_32,13299.5,2.862961344169017,0.9989551428805924,1.7669476874582495,0.5512953777471431,0.9347426885251146,0.32424610810908605,0.6212496832060126
chirp_9db,validation,mixed_damage,local_pca_8,13299.5,3.097989302045937,1.1084187018295986,1.8235986461953375,0.5512953777471431,0.9780784162149962,0.2666612958962477,0.5889502364735265
chirp_9db,validation,mixed_damage,pca_r32_l01,13299.5,4.733599171682151,1.7802007320139204,2.7903896102399735,0.36004203641642,1.2418988217380873,0.16398581758666672,0.4911522668019139
chirp_9db,validation,mixed_damage,pca_r64_l001,13299.5,6.469200484020582,2.5084795629313903,3.881360406976849,0.22472398108158173,1.634316801034795,0.16064393850952993,0.4446101088150051
chirp_9db,validation,mixed_damage,pca_r64_l01,13299.5,3.373087725109818,1.1986282560463115,2.093062296543698,0.23416354033167328,0.8804482183567687,0.20047578961543674,0.6347870353415862
chirp_9db,validation,mixed_damage,pca_r64_l1,13299.5,2.866370601160037,0.9844000461062242,1.7200661748636035,0.29266431858994224,0.7889954785960608,0.24521315795921342,0.6710571246975325
chirp_9db,validation,mixed_damage,pca_r96_l01,13299.5,3.036498478528864,1.0636427257520127,1.8482426535135767,0.16610175828011325,0.7793949708442267,0.25164518611570713,0.6912881437040818
chirp_9db,validation,mixed_damage,pchip,13299.5,3.0159111262756437,1.0293265132693519,1.8015585008495003,0.5512953777471431,0.967286472756895,-0.015809644452033957,0.6202292522600211
chirp_9db,validation,mixed_damage,template_1,13299.5,3.4898383143488005,1.2312193887546738,2.021863878252089,0.6728046699517831,1.1997006720230092,0.12205095412009981,0.32799935374510364
chirp_9db,validation,mixed_damage,zero_fill,13299.5,2.9389692887420176,1.0,1.7527207502731128,0.5512953777471431,0.9529162507673976,,0.664632514695481
chirp_9db,validation,raster_image,autoregression,13299.5,4.2600674280904824,1.131057373687526,2.6565455455758977,0.1498795372192707,0.7772729546188019,0.3312030948599839,0.7091970594045273
chirp_9db,validation,raster_image,dictionary_24,13299.5,2.880683673227351,0.8569322534137824,1.9529563716335632,0.1498795372192707,0.5358836686240838,0.3750839281986882,0.8653568660239189
chirp_9db,validation,raster_image,dictionary_48,13299.5,2.758950817108596,0.8137911989595309,1.8673555249059672,0.1498795372192707,0.5156911229127296,0.4881543677309644,0.8767996163029051
chirp_9db,validation,raster_image,dictionary_8,13299.5,2.9897934437808105,0.885086654366252,2.0171053355892408,0.1498795372192707,0.554399042375761,0.36389985879901393,0.8488566590559419
chirp_9db,validation,raster_image,linear,13299.5,4.181655051238089,1.1590415178937017,2.6610577665479815,0.1498795372192707,0.7593832785840272,-0.012143240727291012,0.6927706371936369
chirp_9db,validation,raster_image,local_dictionary_24,13299.5,2.3928313175428855,0.741138167210157,1.5535432101949993,0.1498795372192707,0.4592489003817501,0.6688124288291214,0.8784985073217589
chirp_9db,validation,raster_image,local_dictionary_8,13299.5,2.4005405919376606,0.7206083991305476,1.5795035931533628,0.1498795372192707,0.45955405795952403,0.6443126183819808,0.879868873944479
chirp_9db,validation,raster_image,local_pca_16,13299.5,2.2954181488085155,0.6920590293411261,1.4926401381908596,0.1498795372192707,0.43926512942990525,0.695381335006574,0.9134663826861318
chirp_9db,validation,raster_image,local_pca_32,13299.5,1.9863002269992271,0.5905632806959153,1.336949890852881,0.1498795372192707,0.3904564526684174,0.785050033015659,0.9377497800467486
chirp_9db,validation,raster_image,local_pca_8,13299.5,3.590932417619513,1.1588684117123782,2.2381879420999926,0.1498795372192707,0.6590710558238038,0.5102017644894704,0.8218420673877408
chirp_9db,validation,raster_image,pca_r32_l01,13299.5,4.530095455309033,1.516720633418035,2.9056033817822726,0.1498795372192707,0.8177778712968791,0.4024281855868311,0.7643117952104874
chirp_9db,validation,raster_image,pca_r64_l001,13299.5,4.0437597720114855,1.2713215394789357,2.6483594590249644,0.1498795372192707,0.7318842506775599,0.5958783380672843,0.8257703578851472
chirp_9db,validation,raster_image,pca_r64_l01,13299.5,3.1906049004110852,1.0021101327323332,2.148535897091972,0.1498795372192707,0.5864969525594954,0.6252982307720246,0.8660935177049459
chirp_9db,validation,raster_image,pca_r64_l1,13299.5,2.447476217283371,0.736463110056555,1.6736244213495481,0.1498795372192707,0.46505525300850836,0.664239469212818,0.8962069231350408
chirp_9db,validation,raster_image,pca_r96_l01,13299.5,2.6231467177499117,0.7831198073281346,1.8003362841550536,0.1498795372192707,0.4922673946780976,0.6352822612451069,0.8947679649765049
chirp_9db,validation,raster_image,pchip,13299.5,4.2469775807457815,1.1776556572322894,2.7086730733934803,0.1498795372192707,0.770555787780704,-0.02402902894485651,0.6896094760680705
chirp_9db,validation,raster_image,template_1,13299.5,3.1299993214552724,0.9342639575246084,2.099323425444402,0.1498795372192707,0.5772848142622306,0.3784337806687215,0.8305615357208395
chirp_9db,validation,raster_image,zero_fill,13299.5,3.588125322588277,1.0,2.3884461388845826,0.1498795372192707,0.6574064391490192,,0.7659999680514787
chirp_9db,validation,severe_4x,autoregression,13299.5,2.932198943529304,0.9978038356721775,1.75738131358246,0.8573617821192122,1.16518747099485,0.06960615266494143,0.22316501449918394
chirp_9db,validation,severe_4x,dictionary_24,13299.5,3.074059098701,1.1029016753459502,1.840541553547056,0.526799668921392,0.9738553681821668,0.06320409798077246,0.5286123092695143
chirp_9db,validation,severe_4x,dictionary_48,13299.5,3.1303768257048703,1.1284933462762186,1.8832618336069544,0.4856511060209376,0.9589104094567885,0.06940526295463302,0.5379575828550145
chirp_9db,validation,severe_4x,dictionary_8,13299.5,3.139521089137466,1.1290251219397962,1.8597018982800995,0.5901949555217404,1.034871775223043,0.10009381210656232,0.48755732723757617
chirp_9db,validation,severe_4x,linear,13299.5,2.953159595591956,1.0039136510324485,1.7623388587308961,0.8573617821192122,1.169224932188918,0.011419080714352922,0.2042977580040886
chirp_9db,validation,severe_4x,local_dictionary_24,13299.5,3.6649645580876915,1.3155509119839837,2.0712148436257287,0.8573617821192122,1.3146688649912537,0.14478442069886235,0.16061562623522194
chirp_9db,validation,severe_4x,local_dictionary_8,13299.5,3.0187034568651665,1.0694306115473504,1.8060185809360183,0.8573617821192122,1.1883422377766688,0.2725999367741246,0.25010945974406196
chirp_9db,validation,severe_4x,local_pca_16,13299.5,2.872434070582612,1.0022648672860397,1.7496467507895108,0.8573617821192122,1.1524976138942946,0.224985756950745,0.261473094129693
chirp_9db,validation,severe_4x,local_pca_32,13299.5,2.8765947315119473,1.0064720977281827,1.7543212690407894,0.8573617821192122,1.152721626588713,0.2452167533099854,0.26401695666192926
chirp_9db,validation,severe_4x,local_pca_8,13299.5,2.864757426463234,1.0099096118221296,1.719002540420715,0.8573617821192122,1.1507951642556384,0.24928835805562674,0.2771998764801657
chirp_9db,validation,severe_4x,pca_r32_l01,13299.5,3.515378466323284,1.296906106441847,2.1234918591505787,0.610875061111026,1.1113565218985364,0.23729752797778916,0.5221454242165691
chirp_9db,validation,severe_4x,pca_r64_l001,13299.5,4.227361220078287,1.5715032705409244,2.738689538614068,0.8054833042704111,1.362661282124183,0.13440437245785591,0.4236899683056232
chirp_9db,validation,severe_4x,pca_r64_l01,13299.5,3.000333568547837,1.056440919259236,1.869294589711721,0.48433654637617884,0.9261084439813487,0.20481666950759303,0.58973339053871
chirp_9db,validation,severe_4x,pca_r64_l1,13299.5,2.8942204648697376,0.9966933932145324,1.7158267983715858,0.4397719699234111,0.8779132969330828,0.20306235173041912,0.6145283480370516
chirp_9db,validation,severe_4x,pca_r96_l01,13299.5,2.88299896346293,1.0071451893715329,1.7355571564952845,0.42289159963392353,0.866960613519228,0.22447856220003923,0.6179419827929363
chirp_9db,validation,severe_4x,pchip,13299.5,2.9545176426386317,1.0044804504046658,1.764166538848368,0.8573617821192122,1.1695092928357975,0.008354116865941785,0.20395967731838557
chirp_9db,validation,severe_4x,template_1,13299.5,3.248626054825658,1.2144049886049284,1.9352278093648547,0.7178600121362111,1.1561920988684873,0.13765026743861628,0.3862963310331426
chirp_9db,validation,severe_4x,zero_fill,13299.5,2.9389692887420176,1.0,1.7527207502731128,0.8573617821192122,1.1666553960527306,,0.21106690331962505
chirp_9db,validation,short_gaps,autoregression,13299.5,4.484477907062947,1.1875556003006353,2.77015686594681,0.0,0.7927511845413663,0.3231310402579361,0.7081477772275124
chirp_9db,validation,short_gaps,dictionary_24,13299.5,2.9260248128376656,0.874918900002127,1.984208012733405,0.0,0.517252996769403,0.3557368347267675,0.8581637928456467
chirp_9db,validation,short_gaps,dictionary_48,13299.5,2.850731300289859,0.8474110039241539,1.924450178704821,0.0,0.503942858443926,0.45944134831579125,0.8689240136788764
chirp_9db,validation,short_gaps,dictionary_8,13299.5,2.968348133181958,0.8842243579338215,2.0123342776936,0.0,0.5247347734738478,0.3716555253350624,0.8509294357181991
chirp_9db,validation,short_gaps,linear,13299.5,4.317216019339514,1.1944067111589982,2.738348069385322,0.0,0.7631831807805409,-0.016654546958293288,0.696685425747778
chirp_9db,validation,short_gaps,local_dictionary_24,13299.5,2.3095791640987584,0.7357789105106162,1.5026791069619876,0.0,0.40827977215534755,0.6700051743940993,0.881741215928575
chirp_9db,validation,short_gaps,local_dictionary_8,13299.5,2.485396834908309,0.7549276811736595,1.6334148830474942,0.0,0.4393602389758118,0.6338227644611779,0.8731596376304628
chirp_9db,validation,short_gaps,local_pca_16,13299.5,2.240924165171259,0.6859327276601307,1.4517935279105476,0.0,0.3961431683293501,0.7075970372200068,0.9243842931129974
chirp_9db,validation,short_gaps,local_pca_32,13299.5,1.9336804910097012,0.5773820225332196,1.2998893988170832,0.0,0.3418296469602731,0.7962060546877167,0.9413930053416294
chirp_9db,validation,short_gaps,local_pca_8,13299.5,3.9384369136443804,1.2717163881421056,2.4376130354497114,0.0,0.6962238622283395,0.5134116306262917,0.8267869468746203
chirp_9db,validation,short_gaps,pca_r32_l01,13299.5,5.108043287628187,1.7118303428830564,3.256136236955865,0.0,0.9029830118190795,0.3752683404891779,0.7561342705275079
chirp_9db,validation,short_gaps,pca_r64_l001,13299.5,4.625266433524643,1.4714456679537233,3.003321722554181,0.0,0.8176393149849482,0.5997147135040928,0.8308477482704993
chirp_9db,validation,short_gaps,pca_r64_l01,13299.5,3.579463721821931,1.1386907385520104,2.3880622195814434,0.0,0.6327657676778814,0.6274496543994567,0.870453063236647
chirp_9db,validation,short_gaps,pca_r64_l1,13299.5,2.454361346234403,0.7482853152629,1.682523960523923,0.0,0.4338738878511226,0.6681415320174223,0.8989657837190413
chirp_9db,validation,short_gaps,pca_r96_l01,13299.5,2.6271128044023864,0.7942455129583189,1.7923103203857114,0.0,0.4644123197337339,0.6513314345781506,0.9059928572147413
chirp_9db,validation,short_gaps,pchip,13299.5,4.381165149930021,1.2117499359192447,2.7882126556606726,0.0,0.7744878967534237,-0.02950837950485835,0.6944271541612762
chirp_9db,validation,short_gaps,template_1,13299.5,3.1806296792842517,0.9604055039518765,2.1085155717474646,0.0,0.5622612036662721,0.39134062656990865,0.8318695081371404
chirp_9db,validation,short_gaps,zero_fill,13299.5,3.588125322588277,1.0,2.3884461388845826,0.0,0.6342969368373347,,0.7680515663173888
v3,test,long_gaps,autoregression,17799.027777777777,2.523868785829519,0.9993348425008421,1.0768380774308115,0.0,0.834691143632931,0.021435505956416544,0.4914765661417332
v3,test,long_gaps,dictionary_24,17799.027777777777,2.92815043853369,1.1611459706753184,1.1491096333125197,0.0,0.9683947327181082,0.16167227927403724,0.40140397325956406
v3,test,long_gaps,dictionary_48,17799.027777777777,2.8941493443490405,1.1491582856431242,1.1395664533962013,0.0,0.9571499277785249,0.18905956344429045,0.417885710761862
v3,test,long_gaps,dictionary_8,17799.027777777777,2.9564561444817268,1.1715847675385733,1.1560541885445155,0.0,0.9777559650459366,0.1471920094174753,0.3925353517081493
v3,test,long_gaps,linear,17799.027777777777,2.5364335627230865,1.0040795617276221,1.1035003273657327,0.0,0.8388465530003546,-0.0011493900223229685,0.48400416113564343
v3,test,long_gaps,local_dictionary_24,17799.027777777777,2.5616130291860024,1.0167282079173805,1.0087357918765518,0.0,0.8471738788011254,0.2156612887414998,0.49006268068419434
v3,test,long_gaps,local_dictionary_8,17799.027777777777,2.6153353235707453,1.034877950633037,1.0189531483290868,0.0,0.8649408576513542,0.17730942722587464,0.46347917836809344
v3,test,long_gaps,local_pca_16,17799.027777777777,2.702631596591952,1.0804584604717258,1.1493763146739666,0.0,0.8938113862509682,0.2094315763330717,0.479477478575264
v3,test,long_gaps,local_pca_32,17799.027777777777,2.6640376270898645,1.0629732276653376,1.1312911217082564,0.0,0.8810476305748013,0.197671904433374,0.47785700268655984
v3,test,long_gaps,local_pca_8,17799.027777777777,2.6012450961420597,1.0339869556205379,1.1032704753719842,0.0,0.8602809529397739,0.20521678042424407,0.4871339815625888
v3,test,long_gaps,pca_r32_l01,17799.027777777777,3.2685171542683924,1.3340542756758973,1.3771719376532647,0.0,1.080960443267838,0.30049370145790366,0.4771670733456667
v3,test,long_gaps,pca_r64_l001,17799.027777777777,3.1995645224449287,1.295910017543666,1.373975239649914,0.0,1.0581565037618028,0.28559439181753893,0.4553854866529902
v3,test,long_gaps,pca_r64_l01,17799.027777777777,2.80203012300697,1.1235425302289004,1.2040998462397694,0.0,0.926684358948521,0.27720748630423037,0.47925018279868353
v3,test,long_gaps,pca_r64_l1,17799.027777777777,2.5147652351935483,0.998498178476463,1.0414192336530095,0.0,0.831680427254123,0.3111945681066775,0.5309437140707258
v3,test,long_gaps,pca_r96_l01,17799.027777777777,2.6772316233452935,1.0694372979800526,1.1560193072586564,0.0,0.885411134686174,0.297074084798279,0.5010060705545756
v3,test,long_gaps,pchip,17799.027777777777,2.5349147911146335,1.0035518477391778,1.1057682981292543,0.0,0.8383442665035706,-0.0019643704799414425,0.4842985933666115
v3,test,long_gaps,template_1,17799.027777777777,3.2958998739673557,1.313013758195609,1.2779018115556766,0.0,1.0900164265858436,0.14478337270848193,0.35235425837195267
v3,test,long_gaps,zero_fill,17799.027777777777,2.525948411987995,1.0,1.0756550365154727,0.0,0.8353789153373447,,0.48944761725088337
v3,test,mixed_damage,autoregression,17799.027777777777,5.656138726670522,1.8489426998643852,3.169548967240794,0.29034772188645214,1.4481717733616508,-0.016957999982310172,0.17170113331795644
v3,test,mixed_damage,dictionary_24,17799.027777777777,2.2648225804418782,0.7266889897823265,1.0168229103223638,0.18894744745078806,0.6143522363058469,0.6991175144747764,0.7660696836823473
v3,test,mixed_damage,dictionary_48,17799.027777777777,2.2206294151813752,0.7103667503137214,1.0035628960675058,0.18460881757147887,0.602869966880162,0.7121604673873579,0.7781614487401955
v3,test,mixed_damage,dictionary_8,17799.027777777777,2.3514874924155102,0.7572369491479038,1.0576710931301896,0.1934087634968276,0.6378876958885269,0.6802272040104136,0.7520186266683405
v3,test,mixed_damage,linear,17799.027777777777,3.549601656415519,1.1502695949389148,1.6910036639116681,0.29034772188645214,0.934899804233835,-0.04745991316934245,0.38046948753059395
v3,test,mixed_damage,local_dictionary_24,17799.027777777777,2.240518308457655,0.7209566914063703,1.008368560822897,0.29034772188645214,0.6373214410684788,0.7025825305556243,0.7479657219811912
v3,test,mixed_damage,local_dictionary_8,17799.027777777777,2.1441188809346925,0.6843107856014684,0.96511399037917,0.29034772188645214,0.6170787586642316,0.7246133540421158,0.7664274142483322
v3,test,mixed_damage,local_pca_16,17799.027777777777,2.175347941412509,0.6928177942619304,1.0800652120330514,0.29034772188645214,0.6189520465756898,0.7222247475995288,0.7667909822289221
v3,test,mixed_damage,local_pca_32,17799.027777777777,2.0775012271458686,0.6586904877777614,1.0032710734579107,0.29034772188645214,0.6001743631274228,0.7424093709846208,0.782994196924
v3,test,mixed_damage,local_pca_8,17799.027777777777,2.105218682671408,0.6705805204023974,1.0514806807385189,0.29034772188645214,0.6055792799398103,0.7339791125900672,0.774203357652741
v3,test,mixed_damage,pca_r32_l01,17799.027777777777,2.7510462690312507,0.8880297865130247,1.3417203017410726,0.14927809092454478,0.706449203450465,0.5882322831571991,0.7064248593607433
v3,test,mixed_damage,pca_r64_l001,17799.027777777777,3.673877262559074,1.1992895919680544,1.7760328265953251,0.12073709070791537,0.9263653487101364,0.5174147342291512,0.6337049061931528
v3,test,mixed_damage,pca_r64_l01,17799.027777777777,2.755962641103244,0.8876728912657632,1.3362356122562877,0.1228263142461447,0.7006880864935211,0.5866680087730998,0.7134041922203302
v3,test,mixed_damage,pca_r64_l1,17799.027777777777,2.430811986706699,0.7767667769528482,1.1265188671212587,0.14106178790779883,0.628495556778177,0.621179066972434,0.7433425117730139
v3,test,mixed_damage,pca_r96_l01,17799.027777777777,2.7356107516683332,0.8807955717617002,1.3036028387392782,0.11554910371472042,0.6941627357080887,0.5895494251943217,0.7156418443400496
v3,test,mixed_damage,pchip,17799.027777777777,3.5780927133290223,1.1613506760956425,1.6880087158297734,0.29034772188645214,0.9416611959437137,-0.05938810375658939,0.37449823619031225
v3,test,mixed_damage,template_1,17799.027777777777,2.9435636577661985,0.9489580940268161,1.3480891189461508,0.21376348791194205,0.7837371263550272,0.5603005090441937,0.655748117026884
v3,test,mixed_damage,zero_fill,17799.027777777777,3.1198549923938153,1.0,1.4147416934526706,0.29034772188645214,0.8335031766360745,,0.528644779966904
v3,test,raster_image,autoregression,17799.027777777777,8.339499501303017,7.383489489285115,4.716334560396808,0.10930299082383574,1.4792655889550241,0.02944330588751888,0.5260267604859992
v3,test,raster_image,dictionary_24,17799.027777777777,0.8941282016951416,0.73179734851248,0.5015683859890132,0.10930299082383574,0.19656566938021713,0.6918115352092236,0.9783095487372455
v3,test,raster_image,dictionary_48,17799.027777777777,0.8596922850069477,0.7108303574527475,0.48612473566895154,0.10930299082383574,0.1911460443286592,0.720312900373986,0.9799942001343975
v3,test,raster_image,dictionary_8,17799.027777777777,0.9462757621562964,0.7741219129237734,0.5209105991499524,0.10930299082383574,0.20449895138822283,0.6102440996867305,0.9756796498971503
v3,test,raster_image,linear,17799.027777777777,2.0831455621622594,1.6948320835543322,1.2825331890071527,0.10930299082383574,0.38822699631144203,0.07629640720772281,0.9059587035222759
v3,test,raster_image,local_dictionary_24,17799.027777777777,0.8707659584097618,0.7236136371274249,0.5058966937613325,0.10930299082383574,0.19337184991894352,0.7222808728989447,0.9789102008201627
v3,test,raster_image,local_dictionary_8,17799.027777777777,0.9502558108729099,0.7885729099902332,0.5398510149853006,0.10930299082383574,0.20493109014023939,0.5939922538341358,0.9756184894028613
v3,test,raster_image,local_pca_16,17799.027777777777,0.7223640369559958,0.6086900924332804,0.45366377858323403,0.10930299082383574,0.17064327102213686,0.7686752156046356,0.985779698285784
v3,test,raster_image,local_pca_32,17799.027777777777,0.6974528981779445,0.5891593660976775,0.4602909924610933,0.10930299082383574,0.16744015377180907,0.793989509942785,0.9865669179650762
v3,test,raster_image,local_pca_8,17799.027777777777,0.9326835984045854,0.7647519322442055,0.5280735679004401,0.10930299082383574,0.20331927037031916,0.6505925180629386,0.9755558278788773
v3,test,raster_image,pca_r32_l01,17799.027777777777,1.0700799165518886,0.8962754017852276,0.6806096877576125,0.10930299082383574,0.2232743910176874,0.6094899933459371,0.9702178926555022
v3,test,raster_image,pca_r64_l001,17799.027777777777,1.091374925524618,0.981610926247573,0.725714905648855,0.10930299082383574,0.22407503590773578,0.6171392396261711,0.9716011674956557
v3,test,raster_image,pca_r64_l01,17799.027777777777,1.0015633381871902,0.8870972992189226,0.6616583063271829,0.10930299082383574,0.21034270761057772,0.6415799327104952,0.9755802968532831
v3,test,raster_image,pca_r64_l1,17799.027777777777,0.8504734792118326,0.7035462421773936,0.5308714468513737,0.10930299082383574,0.18938554577677752,0.7093952642549155,0.9808938054359881
v3,test,raster_image,pca_r96_l01,17799.027777777777,0.9828269659875433,0.8806911276507753,0.7248329829902042,0.10930299082383574,0.20686173248715972,0.673310891818216,0.9765852387893743
v3,test,raster_image,pchip,17799.027777777777,2.0720488589320407,1.6788590095084586,1.275952746776407,0.10930299082383574,0.38608386035387643,0.04546665883725641,0.9082630098110589
v3,test,raster_image,template_1,17799.027777777777,1.216004917564832,1.0230993745303265,0.6734145912455853,0.10930299082383574,0.24541040072516543,0.4255500376317181,0.9614035294028339
v3,test,raster_image,zero_fill,17799.027777777777,1.2578473954967577,1.0,0.687201773737427,0.10930299082383574,0.2513471550653598,,0.9618915127430631
v3,test,severe_4x,autoregression,17799.027777777777,3.719081968686729,1.205341267435895,1.9140820742190665,0.4556241159865669,1.040655773231952,-0.0012454590976565029,0.25799209771842313
v3,test,severe_4x,dictionary_24,17799.027777777777,2.459970747454559,0.7826624807159863,1.0962783447457003,0.23839408413461147,0.678212789976541,0.6156766318685711,0.7070546830376783
v3,test,severe_4x,dictionary_48,17799.027777777777,2.4408073062159894,0.7764199237806424,1.0941635826349545,0.2368502048084814,0.6728813048866827,0.6209776564790868,0.7119664634958018
v3,test,severe_4x,dictionary_8,17799.027777777777,2.627571239624903,0.8294279243295722,1.1726510981171663,0.23016503572906816,0.7164434224248796,0.5649612000590795,0.6697764468610387
v3,test,severe_4x,linear,17799.027777777777,3.3155811415214775,1.0697023508343975,1.5224419648644618,0.4556241159865669,0.9471176639596864,-0.05895374649919676,0.2564792149878392
v3,test,severe_4x,local_dictionary_24,17799.027777777777,2.300251176916513,0.7346282369726019,1.0481828822875874,0.4556241159865669,0.7412153437239866,0.7010200597234696,0.6576849617184334
v3,test,severe_4x,local_dictionary_8,17799.027777777777,2.3138049223357533,0.7323483074752657,1.0465640714991336,0.4556241159865669,0.744870443641455,0.680697743845323,0.6412902970789367
v3,test,severe_4x,local_pca_16,17799.027777777777,2.361618111888461,0.7464868713547645,1.149141170950597,0.4556241159865669,0.7502301941510985,0.6599509798022454,0.6344645619789522
v3,test,severe_4x,local_pca_32,17799.027777777777,2.321658739529479,0.7314565532636014,1.1330505949403202,0.4556241159865669,0.743671278025041,0.6666704262003937,0.6391666270693644
v3,test,severe_4x,local_pca_8,17799.027777777777,2.308153323718432,0.7279497588959974,1.1131089248763206,0.4556241159865669,0.7401938944470724,0.6740684621637958,0.6442890614134485
v3,test,severe_4x,pca_r32_l01,17799.027777777777,2.831187723226019,0.905745473033374,1.3910241191506507,0.23716529677031423,0.7549200825983833,0.5340876361365934,0.6587734792230412
v3,test,severe_4x,pca_r64_l001,17799.027777777777,4.271734459684551,1.3913961090378837,2.165168777882191,0.5103990616802901,1.1848626695961593,0.3751023860297582,0.4802843665232294
v3,test,severe_4x,pca_r64_l01,17799.027777777777,2.7737669969663914,0.8852796528251652,1.3488632923768626,0.25533003061093706,0.7478485420234828,0.5325510589730874,0.6556460229755144
v3,test,severe_4x,pca_r64_l1,17799.027777777777,2.6455304393784576,0.8415629891116863,1.2001877440033057,0.23090119268201623,0.7129077611282864,0.526983103661392,0.6623322099856472
v3,test,severe_4x,pca_r96_l01,17799.027777777777,2.758996142696849,0.8799566097901423,1.331828589699725,0.2622274772946984,0.7481037620231494,0.5325557243400914,0.6534735399756711
v3,test,severe_4x,pchip,17799.027777777777,3.2754215365341945,1.0551434575770173,1.4864226984681368,0.4556241159865669,0.9381866312630778,-0.07559551836199377,0.264621454444583
v3,test,severe_4x,template_1,17799.027777777777,3.241510423592575,1.0343575157586293,1.4815923353419373,0.25459797647047183,0.8669620868365208,0.4372939604585532,0.5641353017042522
v3,test,severe_4x,zero_fill,17799.027777777777,3.1198549923938153,1.0,1.4147416934526706,0.4556241159865669,0.9048115776340158,,0.3489935111684137
v3,test,short_gaps,autoregression,17799.027777777777,9.01224285251656,7.965386481108118,5.099384876428268,0.0,1.5931545086786134,0.029959551047482737,0.5260871539280013
v3,test,short_gaps,dictionary_24,17799.027777777777,0.9144875963477159,0.7562680633196048,0.5103246956621967,0.0,0.161660095172114,0.6961219212243844,0.9820852443709587
v3,test,short_gaps,dictionary_48,17799.027777777777,0.8764489983224458,0.7309300529745678,0.4942487674853575,0.0,0.15493575751948963,0.7227593663404228,0.9836363970598649
v3,test,short_gaps,dictionary_8,17799.027777777777,0.9801930302395946,0.8097757252430586,0.5342397950058784,0.0,0.17327528463855202,0.6118077419515159,0.9792545458400999
v3,test,short_gaps,linear,17799.027777777777,2.21379786718998,1.807470158091463,1.3834366847193362,0.0,0.3913478710165877,0.06066156977381495,0.9087559481004706
v3,test,short_gaps,local_dictionary_24,17799.027777777777,0.8954038661753666,0.7534454319757435,0.5128667459902122,0.0,0.1582865364183134,0.7196340023173976,0.9824793494579802
v3,test,short_gaps,local_dictionary_8,17799.027777777777,1.0126742719301467,0.8373124515874115,0.568652985354275,0.0,0.17901721120373912,0.5882274355934828,0.9776541516615838
v3,test,short_gaps,local_pca_16,17799.027777777777,0.734299498407591,0.6271804879820932,0.4600064113966855,0.0,0.129807038686472,0.7650425153006012,0.9894616854064281
v3,test,short_gaps,local_pca_32,17799.027777777777,0.6935262419396944,0.5904717294769876,0.4560429219955417,0.0,0.12259927715159501,0.796876698858257,0.9903679787447562
v3,test,short_gaps,local_pca_8,17799.027777777777,0.9596357546859227,0.7998357603004973,0.5402183685646368,0.0,0.16964123740187154,0.6455726974635496,0.9796518442501656
v3,test,short_gaps,pca_r32_l01,17799.027777777777,1.1155020825376918,0.949607119551808,0.7120903338791555,0.0,0.19719477174752942,0.6013603079170607,0.9741570689143967
v3,test,short_gaps,pca_r64_l001,17799.027777777777,1.1320071972773322,1.0292863266051744,0.7617697205256917,0.0,0.20011249138669485,0.62062368919747,0.976105939092787
v3,test,short_gaps,pca_r64_l01,17799.027777777777,1.0330704958373078,0.9259210909429866,0.6910357993434313,0.0,0.18262278826257736,0.6445102184322392,0.9798908921440077
v3,test,short_gaps,pca_r64_l1,17799.027777777777,0.8589972141969778,0.7187595639787882,0.5389992094311996,0.0,0.15185068879475908,0.71064066052831,0.9849453044194502
v3,test,short_gaps,pca_r96_l01,17799.027777777777,1.0183121878197698,0.9201898189883946,0.7581670887834093,0.0,0.18001386334306713,0.6741608262486202,0.9806582512099636
v3,test,short_gaps,pchip,17799.027777777777,2.214031135608506,1.8011491000163788,1.3868000289370583,0.0,0.39138910743673183,0.03497620173541276,0.9102447468073684
v3,test,short_gaps,template_1,17799.027777777777,1.2490640251059844,1.0514829410575988,0.6936904004631699,0.0,0.2208054105721514,0.43407763637665364,0.9653464974557369
v3,test,short_gaps,zero_fill,17799.027777777777,1.2578473954967577,1.0,0.687201773737427,0.0,0.22235810576339862,,0.9653919789598908
v3,validation,long_gaps,autoregression,13299.5,2.7628456073073413,1.0623006341274441,1.4153199067991589,0.0,0.9137252984753054,0.07348997880750667,0.5963382439554082
v3,validation,long_gaps,dictionary_24,13299.5,2.6700641014728617,1.0443808039189193,1.3810721005557671,0.0,0.8830406996372903,0.3343720962737137,0.6486647477926063
v3,validation,long_gaps,dictionary_48,13299.5,2.797503880915126,1.0921796577555554,1.4749796985271457,0.0,0.9251874450799343,0.3095416366317864,0.6301899343632614
v3,validation,long_gaps,dictionary_8,13299.5,2.6230000488233176,1.0337571182146903,1.332974976332024,0.0,0.8674757272620973,0.3457643905070504,0.658372167621141
v3,validation,long_gaps,linear,13299.5,2.710941395975629,1.0516708024359473,1.4331273884526492,0.0,0.8965595940777239,-0.006574666474972228,0.5909136699689552
v3,validation,long_gaps,local_dictionary_24,13299.5,2.684323129714528,1.0528228565388902,1.3875534540501635,0.0,0.887756429970402,0.29184889889054777,0.6230938209395028
v3,validation,long_gaps,local_dictionary_8,13299.5,2.6896485450499803,1.0627278707283383,1.368988726455722,0.0,0.8895176455461192,0.2706230588064305,0.614119412025119
v3,validation,long_gaps,local_pca_16,13299.5,3.759931501740956,1.5240859635831103,1.938509692374458,0.0,1.2434804625305236,0.19736970362825224,0.5008343197559378
v3,validation,long_gaps,local_pca_32,13299.5,3.6275649166338204,1.4366264415035432,1.9584505459822825,0.0,1.1997043292694802,0.1985886768510814,0.5101829916628495
v3,validation,long_gaps,local_pca_8,13299.5,3.5818020979876164,1.5075825121768585,1.8671522222274062,0.0,1.1845696995905797,0.21177992708547613,0.5218838941215478
v3,validation,long_gaps,pca_r32_l01,13299.5,5.217259780317447,2.132451724683544,2.699496742217646,0.0,1.7254464879924303,0.22310940850809258,0.4328073183324343
v3,validation,long_gaps,pca_r64_l001,13299.5,7.269243312138435,2.9260739827644673,3.420765641194636,0.0,2.4040762529422213,0.24849142047091546,0.4009582123574608
v3,validation,long_gaps,pca_r64_l01,13299.5,3.8853603757991864,1.5431581599776703,2.067555466973371,0.0,1.2849621635286386,0.3291318070558151,0.546012747747029
v3,validation,long_gaps,pca_r64_l1,13299.5,2.4538577588964254,0.9533048047364047,1.2846608324781272,0.0,0.8115371728457794,0.42135421337264467,0.6908918521268546
v3,validation,long_gaps,pca_r96_l01,13299.5,2.952639014507279,1.1672201815524181,1.611191283701911,0.0,0.9764935679666368,0.396069925210012,0.6414241795867123
v3,validation,long_gaps,pchip,13299.5,2.7211447796207273,1.0546202773867217,1.4329657560580984,0.0,0.8999340460347632,-0.008267154987695827,0.5885331348380539
v3,validation,long_gaps,template_1,13299.5,3.078396721316716,1.1991347211418832,1.5063856422749071,0.0,1.0180840201750798,0.1727377515774642,0.5574886432589089
v3,validation,long_gaps,zero_fill,13299.5,2.5776941430133617,1.0,1.3122382524667973,0.0,0.8524922073001399,,0.6191790750776547
v3,validation,mixed_damage,autoregression,13299.5,5.539771105728209,2.049586036594465,3.465924964100464,0.4851102897568956,1.4907550630725905,0.08604964254499076,0.33090998403406563
v3,validation,mixed_damage,dictionary_24,13299.5,2.4689335940133983,0.8353690386521704,1.3666374246224844,0.5062010848821786,0.8368893718442849,0.558963984216199,0.6655563983178391
v3,validation,mixed_damage,dictionary_48,13299.5,2.5540975618893405,0.867973637551311,1.4054735565382785,0.4935817421213807,0.8414215173364813,0.5261132020908378,0.6587932374164857
v3,validation,mixed_damage,dictionary_8,13299.5,2.589360168084857,0.8776204284868115,1.4074642338858048,0.5228228283514816,0.8722181913553405,0.5117944971132241,0.625112735620762
v3,validation,mixed_damage,linear,13299.5,3.4254061086333842,1.20354294271532,1.9123766558955115,0.4851102897568956,0.9983789245282515,-0.11275648045963425,0.506005549932405
v3,validation,mixed_damage,local_dictionary_24,13299.5,2.573934278454236,0.8736654337411857,1.4043904264130058,0.4851102897568956,0.8207254286853501,0.5283935365880771,0.7015413099424374
v3,validation,mixed_damage,local_dictionary_8,13299.5,2.591866753145043,0.8783428436559263,1.4130203600830369,0.4851102897568956,0.8246303040180373,0.5138280622784037,0.6946142046539796
v3,validation,mixed_damage,local_pca_16,13299.5,2.628165625884602,0.9283857299185474,1.5422701675766188,0.4851102897568956,0.8253876254037312,0.5391661103070104,0.6965310322330859
v3,validation,mixed_damage,local_pca_32,13299.5,2.6485700525570715,0.9149995915014557,1.5653879998310083,0.4851102897568956,0.8320151598774767,0.5552412129033729,0.6934079868623066
v3,validation,mixed_damage,local_pca_8,13299.5,2.941526264371173,1.0739192430367894,1.6586772233130171,0.4851102897568956,0.8905331498043928,0.525820454942178,0.6647618752669334
v3,validation,mixed_damage,pca_r32_l01,13299.5,3.309696906384436,1.194810234634197,1.9638913299280316,0.35570062175332956,0.9059171597372742,0.4256049525244749,0.6616360600720398
v3,validation,mixed_damage,pca_r64_l001,13299.5,4.591097278738626,1.6562571064241698,2.5971206935825486,0.2321920549048775,1.1719271767074744,0.3578803584837417,0.5986124804783596
v3,validation,mixed_damage,pca_r64_l01,13299.5,2.715208597571152,0.953038249923142,1.6043152529916191,0.24115759581563165,0.7260667468449319,0.5368590750337111,0.7620197724849417
v3,validation,mixed_damage,pca_r64_l1,13299.5,2.367906854727253,0.8028340874684522,1.3287798545730756,0.30433199613024114,0.684037140578218,0.578710294583605,0.7760075066399557
v3,validation,mixed_damage,pca_r96_l01,13299.5,2.5187237027824483,0.8710516871744344,1.473197451179101,0.18892644829575886,0.6613844504723257,0.571482581999385,0.7943772558738117
v3,validation,mixed_damage,pchip,13299.5,3.362070392250981,1.1781006249450081,1.811804980244312,0.4851102897568956,0.9842105620052304,-0.1386471126129243,0.5234509353647365
v3,validation,mixed_damage,template_1,13299.5,3.141960070311397,1.1004322403420106,1.68051822020227,0.5701840996387507,1.011193783400249,0.351327382183474,0.5288016341740862
v3,validation,mixed_damage,zero_fill,13299.5,2.895733397808575,1.0,1.5333093411781027,0.4851102897568956,0.8840973370286944,,0.6913006658465314
v3,validation,raster_image,autoregression,13299.5,5.166911450287704,3.8372933276776657,3.0608527914982506,0.14626983019163523,0.9307809517675828,0.21466848277261028,0.7560668545680245
v3,validation,raster_image,dictionary_24,13299.5,1.2243684708116198,0.8027457396933584,0.7865566720505971,0.14626983019163523,0.26643996954739896,0.5341003873654822,0.975276653060798
v3,validation,raster_image,dictionary_48,13299.5,1.2009729067964638,0.7874642571740749,0.7976593010934475,0.14626983019163523,0.2635621850340077,0.5592904993216933,0.9755858054631724
v3,validation,raster_image,dictionary_8,13299.5,1.2652582880750411,0.8366426579165344,0.8025586435788449,0.14626983019163523,0.27183272883335335,0.48476646228272297,0.9740515690969286
v3,validation,raster_image,linear,13299.5,2.105212584376858,1.4091014364786576,1.3643725833948366,0.14626983019163523,0.40727858150572915,0.07636427331024387,0.9169126960782091
v3,validation,raster_image,local_dictionary_24,13299.5,1.2293680205241557,0.8059841948846022,0.8101987733200534,0.14626983019163523,0.2678880135267584,0.5546334741293488,0.9735669369328422
v3,validation,raster_image,local_dictionary_8,13299.5,1.3217196284831039,0.8776471416560034,0.852945698418145,0.14626983019163523,0.2810870073081297,0.42845378859733435,0.9703428923847119
v3,validation,raster_image,local_pca_16,13299.5,1.2069493650205116,0.8063302854710496,0.8267393755150825,0.14626983019163523,0.2634279980709167,0.5914994215820872,0.9753413648388823
v3,validation,raster_image,local_pca_32,13299.5,1.7239479109148617,1.0719133594001555,1.1184964160794568,0.14626983019163523,0.3489238703058943,0.4580561416012489,0.941358431735286
v3,validation,raster_image,local_pca_8,13299.5,1.3118873337456374,0.8937175589517222,0.8573659355109173,0.14626983019163523,0.27892253204294915,0.4568742851083572,0.9707248367837616
v3,validation,raster_image,pca_r32_l01,13299.5,1.6901795238403114,1.1712056317449735,1.1644517766348745,0.14626983019163523,0.33874764423221865,0.3856853378183138,0.9501607545867604
v3,validation,raster_image,pca_r64_l001,13299.5,1.7120620941552034,1.2068450576298293,1.1999378591696084,0.14626983019163523,0.3405466965154238,0.46366850110053476,0.9490070850789327
v3,validation,raster_image,pca_r64_l01,13299.5,1.5831314412187085,1.1047005749494776,1.107250264442578,0.14626983019163523,0.3206534402208486,0.486909467561819,0.955371144005304
v3,validation,raster_image,pca_r64_l1,13299.5,1.2507732079846698,0.8288361868253443,0.8508372233243654,0.14626983019163523,0.27149258780959,0.56352840469203,0.9710329543233378
v3,validation,raster_image,pca_r96_l01,13299.5,1.4935324784974655,1.000681346455043,1.069332064709118,0.14626983019163523,0.3073848087213876,0.5563741894350502,0.9604787120605697
v3,validation,raster_image,pchip,13299.5,2.1617964040824207,1.452792178043684,1.411513790785273,0.14626983019163523,0.41651601748556755,0.05484848372723025,0.9142458983571853
v3,validation,raster_image,template_1,13299.5,1.3790293937685758,0.9627544508503032,0.8915588935446626,0.14626983019163523,0.2881534200530236,0.33775691776374633,0.9698683342106141
v3,validation,raster_image,zero_fill,13299.5,1.5333819893672171,1.0,0.9384587891088341,0.14626983019163523,0.31397152672295553,,0.9582482226772854
v3,validation,severe_4x,autoregression,13299.5,3.8747380557505395,1.392490368531987,2.3795545457336322,0.7524923773240445,1.2531337404558334,0.00714921394397449,0.21603903608854103
v3,validation,severe_4x,dictionary_24,13299.5,2.695366457486038,0.9271877061683284,1.481837818633453,0.5362805214116538,0.8883602953937642,0.45628440197266557,0.6206979220798198
v3,validation,severe_4x,dictionary_48,13299.5,2.6497116256429387,0.9121063141124136,1.4741999437542275,0.5314788758919101,0.8764139625784876,0.47582730048461097,0.6333748518665925
v3,validation,severe_4x,dictionary_8,13299.5,2.700695120029088,0.9279209107493446,1.4592481179593644,0.5517087118909836,0.9083542526399696,0.4574162600564636,0.5978761963057257
v3,validation,severe_4x,linear,13299.5,3.25763665789353,1.1438062973251435,1.758316206240936,0.7524923773240445,1.1239165848269634,-0.1226438847390216,0.2482944423304673
v3,validation,severe_4x,local_dictionary_24,13299.5,2.6038941742273924,0.9017915809636623,1.468974839644282,0.7524923773240445,1.0061900245347934,0.5323252970050681,0.49576019994449855
v3,validation,severe_4x,local_dictionary_8,13299.5,2.7427312309433347,0.9481621847586451,1.5077969682171188,0.7524923773240445,1.0279105331123357,0.4670059814193741,0.4613127374333878
v3,validation,severe_4x,local_pca_16,13299.5,3.0553395644582544,1.1035262967978194,1.7409297313108378,0.7524923773240445,1.07179318649634,0.4374597045423367,0.4467718576607436
v3,validation,severe_4x,local_pca_32,13299.5,2.8201624572252957,0.9810022171915307,1.648490444343149,0.7524923773240445,1.0353422090658693,0.4651964402953938,0.46316793232255055
v3,validation,severe_4x,local_pca_8,13299.5,2.9748144774844785,1.0586796834806973,1.718456376851089,0.7524923773240445,1.0599831434699245,0.4777059113757791,0.46376603890365303
v3,validation,severe_4x,pca_r32_l01,13299.5,3.353992359542963,1.2191934306564258,2.0104478027863215,0.5109556907311225,0.9880925737792854,0.39291800788541176,0.621595623248478
v3,validation,severe_4x,pca_r64_l001,13299.5,3.9014601067059402,1.4210734882356428,2.411732417307291,0.6972754760497132,1.2045761011249965,0.3996718420679895,0.5760773780972844
v3,validation,severe_4x,pca_r64_l01,13299.5,2.7036658803637983,0.9362923111938675,1.577778907449277,0.43863593220442954,0.8198961148324734,0.4880830537096858,0.7012998725293275
v3,validation,severe_4x,pca_r64_l1,13299.5,2.5062817278796716,0.8524350605913599,1.3823336640119959,0.4248771090924563,0.779805605608915,0.5190371969593196,0.7141037030247134
v3,validation,severe_4x,pca_r96_l01,13299.5,2.5923530302718008,0.8967654471259605,1.491774853065457,0.40222544889148165,0.7746259819181175,0.5152693492354004,0.7261199022566339
v3,validation,severe_4x,pchip,13299.5,3.19634655173901,1.119750444258305,1.690971740494488,0.7524923773240445,1.1113991305401618,-0.157626319303534,0.26341900648697686
v3,validation,severe_4x,template_1,13299.5,3.1264581732587113,1.0928082451830592,1.6924475497837828,0.6198840065271088,1.0316180024048902,0.342837389405563,0.5066112807495767
v3,validation,severe_4x,zero_fill,13299.5,2.895733397808575,1.0,1.5333093411781027,0.7524923773240445,1.0563802345705222,,0.3906498474507269
v3,validation,short_gaps,autoregression,13299.5,5.513049157596846,4.097028934370055,3.2404983811400765,0.0,0.9745786110878782,0.209546131291922,0.7657232483508984
v3,validation,short_gaps,dictionary_24,13299.5,1.2125712660423493,0.802924452240803,0.8023088304945477,0.0,0.21435434122262562,0.5534627808130046,0.9790897072228727
v3,validation,short_gaps,dictionary_48,13299.5,1.2305554307040552,0.8165207255192605,0.828753201865764,0.0,0.21753352241919252,0.5435869559976242,0.9786432029202418
v3,validation,short_gaps,dictionary_8,13299.5,1.2905144698713689,0.8684168644707985,0.8352736368750548,0.0,0.22813288321635186,0.4731100291710974,0.9767270778728584
v3,validation,short_gaps,linear,13299.5,2.213646358399283,1.4885902839506862,1.448230556736732,0.0,0.39132108779325986,0.07321444677381016,0.9189578473396707
v3,validation,short_gaps,local_dictionary_24,13299.5,1.2758122090173192,0.8400422368610686,0.8384277909574592,0.0,0.22553386612918383,0.5497068046773342,0.976254548860548
v3,validation,short_gaps,local_dictionary_8,13299.5,1.3355720700028018,0.8993482186639933,0.8681037153188506,0.0,0.23609801686558388,0.4232173544442211,0.9743630443895145
v3,validation,short_gaps,local_pca_16,13299.5,1.2532303647475422,0.8533376818405181,0.8633350853644967,0.0,0.22154192232546935,0.5843388172755036,0.9783614920243728
v3,validation,short_gaps,local_pca_32,13299.5,1.868343899341441,1.16749483766924,1.211181349486693,0.0,0.33027966020321237,0.45211798422591465,0.9429632529547507
v3,validation,short_gaps,local_pca_8,13299.5,1.3541552487382926,0.9386235004601868,0.8877211546083577,0.0,0.23938308979055067,0.44808447852094857,0.9739621626203082
v3,validation,short_gaps,pca_r32_l01,13299.5,1.8200539707157046,1.2798160180791,1.2541446474411995,0.0,0.3217431262046442,0.37571932282114545,0.9525489774849345
v3,validation,short_gaps,pca_r64_l001,13299.5,1.8723096767306597,1.3382968293506534,1.3099252969357469,0.0,0.33098071722436057,0.4571803525135301,0.9512977253521581
v3,validation,short_gaps,pca_r64_l01,13299.5,1.7181508045817393,1.2170831261987127,1.199378211893419,0.0,0.30372902125521767,0.4785980485570532,0.9578067233604927
v3,validation,short_gaps,pca_r64_l1,13299.5,1.2962107433003844,0.8700153425053266,0.8884085954549173,0.0,0.22913985160863926,0.5557698804689227,0.9742113313264431
v3,validation,short_gaps,pca_r96_l01,13299.5,1.5895016652980944,1.0730780766262793,1.1458935920094,0.0,0.28098685155989817,0.5531218010301023,0.9642378380672846
v3,validation,short_gaps,pchip,13299.5,2.275958385137536,1.540921381566177,1.497682408274957,0.0,0.40233640195728393,0.051853749952083535,0.9162132759135876
v3,validation,short_gaps,template_1,13299.5,1.350011700362618,0.9498473234236474,0.8894623268330113,0.0,0.23865060700189714,0.39029521668767814,0.9745980649687661
v3,validation,short_gaps,zero_fill,13299.5,1.5333819893672171,1.0,0.9384587891088341,0.0,0.2710662007077195,,0.9616264981570605
